Aptamer Sequence,Aptamer Seqtence(U-T)
GGGAGAAUUCCCGCGGCAGAAGCCCACCUGGCUUUGAACUCUAUGUUAUUGGGUGGGGGAAACUUAAGAAAACUACCACCCUUCAACAUUACCGCCCUUCAGCCUGCCAGCGCCCUGCAGCCCGGGAAGCUU,GGGAGAATTCCCGCGGCAGAAGCCCACCTGGCTTTGAACTCTATGTTATTGGGTGGGGGAAACTTAAGAAAACTACCACCCTTCAACATTACCGCCCTTCAGCCTGCCAGCGCCCTGCAGCCCGGGAAGCTT
GGGAGAAUUCCCGCGGCGUUGGCCCAGGAUAAUAGGACGAAAUCCGAAAAAUCCGUACCCAACAUAGAACCCCCCCAGCGCUCACACGGACGCCCCAUUACGGCUAACCGAACGCCUGCAGCCCGGGAAGCUU,GGGAGAATTCCCGCGGCGTTGGCCCAGGATAATAGGACGAAATCCGAAAAATCCGTACCCAACATAGAACCCCCCCAGCGCTCACACGGACGCCCCATTACGGCTAACCGAACGCCTGCAGCCCGGGAAGCTT
GUCGGCCUAUCCGACAGGCACCGCGAGAGGACCAUUAUAGUGCGCAUAACCACUUCAGUGCGAGCAAAAAUUUGG,GTCGGCCTATCCGACAGGCACCGCGAGAGGACCATTATAGTGCGCATAACCACTTCAGTGCGAGCAAAAATTTGG
AACACUAUCCGACUGGCACCGCCAGCGGACAAAUCCGGUGCGCAUAACCACCUCAGUGCGAGCAACGAUGGCCUUUCUACCCAAAGAUUUUCCUUGGUCAUUAGGAUCC,AACACTATCCGACTGGCACCGCCAGCGGACAAATCCGGTGCGCATAACCACCTCAGTGCGAGCAACGATGGCCTTTCTACCCAAAGATTTTCCTTGGTCATTAGGATCC
GGAACCGGUGCGCAUAACCACCUCAGUGCGAGCAA,GGAACCGGTGCGCATAACCACCTCAGTGCGAGCAA
GACGAGAAGGAGUGCUGGUUAUACUAGCGGUUAGGUCACUCGUC,GACGAGAAGGAGTGCTGGTTATACTAGCGGTTAGGTCACTCGTC
GACGAGAAGGAGCGCUGGUUCUACUAGCAGGUAGGUCACUCGUC,GACGAGAAGGAGCGCTGGTTCTACTAGCAGGTAGGTCACTCGTC
CCTGGGGGAGTATTGCGGAGGAAGG,CCTGGGGGAGTATTGCGGAGGAAGG
CTACCTGGGGGAGCATTGGGGAGGAAGGTAGCCGTGCGAAAA,CTACCTGGGGGAGCATTGGGGAGGAAGGTAGCCGTGCGAAAA
GGGAGAAUUCCGACCAGAAGCUUCGUUUGGGGUCCCACAACACAGGUCUUUGCUGGUCAUAUAUGCGUGUCCUCUAGGAAGUGCAUAUGUGCGUCUACAUGGAUCCUCA,GGGAGAATTCCGACCAGAAGCTTCGTTTGGGGTCCCACAACACAGGTCTTTGCTGGTCATATATGCGTGTCCTCTAGGAAGTGCATATGTGCGTCTACATGGATCCTCA
GGGAGAAUUCCGACCAGAAGCUUCUGGUUAGUUUUGCACAGUGGUCGAUGCUAGACUUGGUUUAGGUAAUGAGUCCAAUAGUCCAUAUGUGCGUCUACAUGGAUCCUCA,GGGAGAATTCCGACCAGAAGCTTCTGGTTAGTTTTGCACAGTGGTCGATGCTAGACTTGGTTTAGGTAATGAGTCCAATAGTCCATATGTGCGTCTACATGGATCCTCA
GGGAAUGGAUCCACAUCUACGAAUUCAACGAGUGCAGUGGGAAACAGGUCUUUGGCUUCACUGCAGACUUGACGAAGCUU,GGGAATGGATCCACATCTACGAATTCAACGAGTGCAGTGGGAAACAGGTCTTTGGCTTCACTGCAGACTTGACGAAGCTT
GGGAAUGGAUCCACAUCUACGAAUUCCCGUCAAGUCCGGUAAGGUGCCUGACGUCUUCACUGCAGACUUGACGAAGCUU,GGGAATGGATCCACATCTACGAATTCCCGTCAAGTCCGGTAAGGTGCCTGACGTCTTCACTGCAGACTTGACGAAGCTT
UUUGUAGGCGACCUACCACUCUCGUGGCCCAGUGCAUUGCUGCGACCGAAGUCGCCAGUUUCUUCCCAAAUGUCGUCGCCAUCUCUUCC,TTTGTAGGCGACCTACCACTCTCGTGGCCCAGTGCATTGCTGCGACCGAAGTCGCCAGTTTCTTCCCAAATGTCGTCGCCATCTCTTCC
GGGAAUUCCGCGUGUGCGCCGCGGAAGACGUUGGAAGGAUAGAUACCUACAACGGGGAAUAUAGAGGCCAGCACAUAGUGAGGCCCUCCUCCCAGUCCGUUCGGGAUCCUC,GGGAATTCCGCGTGTGCGCCGCGGAAGACGTTGGAAGGATAGATACCTACAACGGGGAATATAGAGGCCAGCACATAGTGAGGCCCTCCTCCCAGTCCGTTCGGGATCCTC
TAGCGGGTGTGGTGGGTGGGGGAGGCATGGTTTTTGGTAA,TAGCGGGTGTGGTGGGTGGGGGAGGCATGGTTTTTGGTAA
GTCAAGGTGGGTGGGTGGGGTTGGTTGTTGTTTTGA,GTCAAGGTGGGTGGGTGGGGTTGGTTGTTGTTTTGA
GGCUUAGUAUAGCGAGGUUUAGCUACACUCGUGCUGAGCC,GGCTTAGTATAGCGAGGTTTAGCTACACTCGTGCTGAGCC
GGAGCUCAGCCUUCACUGCACCCCUUUGUGGGAACGCAAAACUAAAGGAAGAUCUCAAGAAAGGUGGAUCGCAUUUGGACUUCUGCCCAGGGUGGCACCACGGUCGGAUCCAC,GGAGCTCAGCCTTCACTGCACCCCTTTGTGGGAACGCAAAACTAAAGGAAGATCTCAAGAAAGGTGGATCGCATTTGGACTTCTGCCCAGGGTGGCACCACGGTCGGATCCAC
GGAUCGCAUUUGGACUUCUGCCCAGGGUGGCACCACGGUCGGAUCC,GGATCGCATTTGGACTTCTGCCCAGGGTGGCACCACGGTCGGATCC
GGAGCUCAGCCUUCACUGCCAGACAGUAGAGGGAAGUGUGAGCUAUCACCUCAAGGAAAACGCUUCAGAAAGGGACUUAGGUGAUGAUAGUGUGGCACCACGGUCGGAUCCAC,GGAGCTCAGCCTTCACTGCCAGACAGTAGAGGGAAGTGTGAGCTATCACCTCAAGGAAAACGCTTCAGAAAGGGACTTAGGTGATGATAGTGTGGCACCACGGTCGGATCCAC
AUCACCUCAAGGAAAACGCUUCAGAAAGGGACUUAGGUGAU,ATCACCTCAAGGAAAACGCTTCAGAAAGGGACTTAGGTGAT
GGAGCUCGGUAGUGACGCGUUGUGUUUACGCGUCUGAUGAGUGUAUAUGACACCGAUGGGUAUUUGCUAGUAUCCUGCGUUCACGAAACUACCUCGAGACGU,GGAGCTCGGTAGTGACGCGTTGTGTTTACGCGTCTGATGAGTGTATATGACACCGATGGGTATTTGCTAGTATCCTGCGTTCACGAAACTACCTCGAGACGT
GGAGCUCGGUAGUGACGCGUUGUGUUUACGCGUCUGAUGAGUGGUACAGUCCAGGGUGAAGUUCCAAUUUUGAACACCUCCACGAAACUACCUCGAGACGU,GGAGCTCGGTAGTGACGCGTTGTGTTTACGCGTCTGATGAGTGGTACAGTCCAGGGTGAAGTTCCAATTTTGAACACCTCCACGAAACTACCTCGAGACGT
GGAGCUCGGUAGUGACGCGUUGUGUUUACGCGUCUGAUGAGUGGUUUGACCCUUGAUUCGAUGUAUUCGAAAGUGCUUGUUGACGAAACUACCUCGAGACGU,GGAGCTCGGTAGTGACGCGTTGTGTTTACGCGTCTGATGAGTGGTTTGACCCTTGATTCGATGTATTCGAAAGTGCTTGTTGACGAAACTACCTCGAGACGT
GGAAGGCACGACGAAGCAAGCAGGCAACGAACACAGAAGACCGGGGGAACUACCGCGCGUGCCAGACCCAACCAGCCAGAGACC,GGAAGGCACGACGAAGCAAGCAGGCAACGAACACAGAAGACCGGGGGAACTACCGCGCGTGCCAGACCCAACCAGCCAGAGACC
GGAAGGCACGACGAAGCAAGCAGGCAACGAACACAGAAGACCGGGGGAACUACCGCGCGCGCCAGACCCAACCAGCCAGAGACC,GGAAGGCACGACGAAGCAAGCAGGCAACGAACACAGAAGACCGGGGGAACTACCGCGCGCGCCAGACCCAACCAGCCAGAGACC
GGGCGCGACGAAGCAAGCAGGCAACGAACACAGAAGACCGGGGGAACUACCGCGCGCGCCC,GGGCGCGACGAAGCAAGCAGGCAACGAACACAGAAGACCGGGGGAACTACCGCGCGCGCCC
GGAAGGCACGACCGCGCAAGAUACCGCCCGACAGCGGAAGGAGGGGCAUGCGGUCCAGGGCUGAGACCCAACCAGCCAGAGACC,GGAAGGCACGACCGCGCAAGATACCGCCCGACAGCGGAAGGAGGGGCATGCGGTCCAGGGCTGAGACCCAACCAGCCAGAGACC
GGAGCUCGGUAGUGACGCGUUGUGUUUACGCGUCUGAUGAGUCCUCGGUAAUCGCCGUAUCAAAAGUCGGAAUGGAGGGUCGACGAAACUACCUCGAGACGU,GGAGCTCGGTAGTGACGCGTTGTGTTTACGCGTCTGATGAGTCCTCGGTAATCGCCGTATCAAAAGTCGGAATGGAGGGTCGACGAAACTACCTCGAGACGT
TAGGGAATTCGTCGACGGATCCTATGAACCAAGGGAGGGGCAGGGCGGGTAGGGTTAATAACGGATTCCGAGCGCCCAGCTCCTGCAGGTCGACGCATGCGCCG,TAGGGAATTCGTCGACGGATCCTATGAACCAAGGGAGGGGCAGGGCGGGTAGGGTTAATAACGGATTCCGAGCGCCCAGCTCCTGCAGGTCGACGCATGCGCCG
TAGGGAATTCGTCGACGGATCCACGAAGAAACAGGGCGCTTCGAACGAACATGGGCAGGGTGGGAAGTTTTAAAGTGGTACCTGCAGGTCGACGCATGCGCCG,TAGGGAATTCGTCGACGGATCCACGAAGAAACAGGGCGCTTCGAACGAACATGGGCAGGGTGGGAAGTTTTAAAGTGGTACCTGCAGGTCGACGCATGCGCCG
TAGGGAATTCGTCGACGGATCCCAGCGTAAGGTCGTGGGTGGTTGGGTGCCTAAGCGTATACTTACAGCGATTGATTTGGTCCTGCAGGTCGACGCATGCGCCG,TAGGGAATTCGTCGACGGATCCCAGCGTAAGGTCGTGGGTGGTTGGGTGCCTAAGCGTATACTTACAGCGATTGATTTGGTCCTGCAGGTCGACGCATGCGCCG
TAGGGAATTCGTCGACGGATCCGGTGCGGGTAGGGATGAGGGCGGGTCGGGTTGAGTGTGAGCTTAGGGGTGGCGGATCTACCTGCAGGTCGACGCATGCGCCG,TAGGGAATTCGTCGACGGATCCGGTGCGGGTAGGGATGAGGGCGGGTCGGGTTGAGTGTGAGCTTAGGGGTGGCGGATCTACCTGCAGGTCGACGCATGCGCCG
TAGGGAATTCGTCGACGGATCCCTAGAGTAACCTGTTGGGAGGGCGGGTAGGGCCCATTGAGAGGAGGACGTATTCGTCCGCCTGCAGGTCGACGCATGCGCCG,TAGGGAATTCGTCGACGGATCCCTAGAGTAACCTGTTGGGAGGGCGGGTAGGGCCCATTGAGAGGAGGACGTATTCGTCCGCCTGCAGGTCGACGCATGCGCCG
TAGGGAATTCGTCGACGGATCCCAATGGGGTCGGGCGGGCCGGGTGTCATGGTGGACGGAGATGGGACGTAGAGGGCGGTCTGCAGGTCGACGCATGCGCCG,TAGGGAATTCGTCGACGGATCCCAATGGGGTCGGGCGGGCCGGGTGTCATGGTGGACGGAGATGGGACGTAGAGGGCGGTCTGCAGGTCGACGCATGCGCCG
TAGGGAATTCGTCGACGGATCCGCGGCAAATCAGCATACGAGTGTACAGGGACGGGACGGGTGGGTAAAAGGTGTCGCCTCAGCTGCAGGTCGACGCATGCGCCG,TAGGGAATTCGTCGACGGATCCGCGGCAAATCAGCATACGAGTGTACAGGGACGGGACGGGTGGGTAAAAGGTGTCGCCTCAGCTGCAGGTCGACGCATGCGCCG
TAGGGAATTCGTCGACGGATCCCCAACTTGGGCGGAGGGCTAACGGTGGGGGGATATTATGAGGGGTGGAGGTATTAACCATTCTGCAGGTCGACGCATGCGCCG,TAGGGAATTCGTCGACGGATCCCCAACTTGGGCGGAGGGCTAACGGTGGGGGGATATTATGAGGGGTGGAGGTATTAACCATTCTGCAGGTCGACGCATGCGCCG
TAGGGAATTCGTCGACGGATCCCCGGGGATTAGAATAGTGGAGGGCCGGTGGCAAATGGGTAAGTAGGTTGAAGGGCTAAATTCTGCAGGTCGACGCATGCGCCG,TAGGGAATTCGTCGACGGATCCCCGGGGATTAGAATAGTGGAGGGCCGGTGGCAAATGGGTAAGTAGGTTGAAGGGCTAAATTCTGCAGGTCGACGCATGCGCCG
ATGGGGTCGGGCGGGCCGGGTGTC,ATGGGGTCGGGCGGGCCGGGTGTC
ATGGTGGACGGAGATGGGACGTAG,ATGGTGGACGGAGATGGGACGTAG
GGGAAGCUUGUACAGGGGGCAGUCAACUCGUGCGAUCGUGAAAACGGGGCAAGAUGGCCUUACAGCGGUCAAUACGGGGGUCAUCAGAUAGGGAGGCCCUCCUGGUGGUCCGUUCGGGAUCCUC,GGGAAGCTTGTACAGGGGGCAGTCAACTCGTGCGATCGTGAAAACGGGGCAAGATGGCCTTACAGCGGTCAATACGGGGGTCATCAGATAGGGAGGCCCTCCTGGTGGTCCGTTCGGGATCCTC
GACAAGGAAAATCCTTCAATGAAGTGGGTC,GACAAGGAAAATCCTTCAATGAAGTGGGTC
GGGAGAGGAUACUACACGUGAUAGGACGAUUAUCGAAAAUCACCAGAUUGGACCCUGGUUAACGAUCCAUUGCAUGUAGCAGAAGCUUCCG,GGGAGAGGATACTACACGTGATAGGACGATTATCGAAAATCACCAGATTGGACCCTGGTTAACGATCCATTGCATGTAGCAGAAGCTTCCG
AATTCGCTAGCTGGAGCTTGGATTGATGTGGTGTGTGAGTGCGGTGCCC,AATTCGCTAGCTGGAGCTTGGATTGATGTGGTGTGTGAGTGCGGTGCCC
AATTCGCTAGCCGAGCAGACGGCGTACGGAATTCGAGCTCGGTACCCGGGGATCC,AATTCGCTAGCCGAGCAGACGGCGTACGGAATTCGAGCTCGGTACCCGGGGATCC
UCGGAGAAAGGGAAGCUUGAGCAGCAGGAGGGCCGGCGUUAGGGUUAGCGAGCCGAUUGAAAGAAGAAGGAACGAGCGUACGGAUCCGAUC,TCGGAGAAAGGGAAGCTTGAGCAGCAGGAGGGCCGGCGTTAGGGTTAGCGAGCCGATTGAAAGAAGAAGGAACGAGCGTACGGATCCGATC
GUGACGCGACUAGUUACGGAUGCUCAACAGUAGCCAACACGAGUACUGCUUCGGCAGUGGAACCAACGUAGUAUGUUUAGCAUUCAUUCAGUUGGCGCCUCCUAUAGUGAGUCGUAUUACAU,GTGACGCGACTAGTTACGGATGCTCAACAGTAGCCAACACGAGTACTGCTTCGGCAGTGGAACCAACGTAGTATGTTTAGCATTCATTCAGTTGGCGCCTCCTATAGTGAGTCGTATTACAT
GUGACGCGACUAGUUACGGACUUUCCGAAGUGGUUGGGCUGCUUCGGCAGUGUGAAAACGGAGAGUUCAUUCAGUUGGCGCCUCCUAUAGUGAGUCGUAUUACAU,GTGACGCGACTAGTTACGGACTTTCCGAAGTGGTTGGGCTGCTTCGGCAGTGTGAAAACGGAGAGTTCATTCAGTTGGCGCCTCCTATAGTGAGTCGTATTACAT
GUGACGCGACUAGUUACGGAGAUAAGUUCCCAAGGCGGGUUGGAAGAGAUAUCAUAGGAGCUUGUCUUCAUUCAGUUGGCGCCUCCUAUAGUGAGUCGUAUUACAU,GTGACGCGACTAGTTACGGAGATAAGTTCCCAAGGCGGGTTGGAAGAGATATCATAGGAGCTTGTCTTCATTCAGTTGGCGCCTCCTATAGTGAGTCGTATTACAT
GUGACGCGACUAGUUACGGAUCUAGCAGUUCAGGUAACCACGUAAGAUACGGGUCUAGAUUCAUUCAGUUGGCGCCUCCUAUAGUGAGUCGUAUUACAU,GTGACGCGACTAGTTACGGATCTAGCAGTTCAGGTAACCACGTAAGATACGGGTCTAGATTCATTCAGTTGGCGCCTCCTATAGTGAGTCGTATTACAT
GUGACGCGACUAGUUACGGAGGCAUCUAUAUACUGCUUCGGCAGGGAACUCUACUAAGCACCGAUGUCUUCAUUCAGUUGGCGCCUCCUAUAGUGAGUCGUAUUACAU,GTGACGCGACTAGTTACGGAGGCATCTATATACTGCTTCGGCAGGGAACTCTACTAAGCACCGATGTCTTCATTCAGTTGGCGCCTCCTATAGTGAGTCGTATTACAT
GUGACGCGACUAGUUACGGAAAUGAAGAUAGUCGGGACCACUUCCCUGAGUCUGCUUCGGCAGUAACUCCAAGGAGAAAGGUCGUCAUUUUCAUUCAGUUGGCGCCUCCUAUAGUGAGUCGUAUUACAU,GTGACGCGACTAGTTACGGAAATGAAGATAGTCGGGACCACTTCCCTGAGTCTGCTTCGGCAGTAACTCCAAGGAGAAAGGTCGTCATTTTCATTCAGTTGGCGCCTCCTATAGTGAGTCGTATTACAT
CGUGACGUGUGUGUGGGCUGUGGCAGACGUAAGGCUGAGAUUGCCGUCCGUAAUUGAGUGCGGCAGCGAGAGAGAGCAGACUCUCUCUCGUCCUCUUCUC,CGTGACGTGTGTGTGGGCTGTGGCAGACGTAAGGCTGAGATTGCCGTCCGTAATTGAGTGCGGCAGCGAGAGAGAGCAGACTCTCTCTCGTCCTCTTCTC
GCCUGUUGUGAGCCUCCUGUCGAACUGCGAUCAGCGGUAAAUUUCCGCGCAGCCUCCACGCCGCUUGAGCGUUUAUUCUUGUCUCCC,GCCTGTTGTGAGCCTCCTGTCGAACTGCGATCAGCGGTAAATTTCCGCGCAGCCTCCACGCCGCTTGAGCGTTTATTCTTGTCTCCC
GCCUGUUGUGAGCCUCCUGUCGAACAGAGGCAGUACUCAUCAACCCGAGCCUUCCGUCCCUGAGUUGAGCGUUUAUUCUUGUCUCCC,GCCTGTTGTGAGCCTCCTGTCGAACAGAGGCAGTACTCATCAACCCGAGCCTTCCGTCCCTGAGTTGAGCGTTTATTCTTGTCTCCC
GCCUGUUGUGAGCCUCCUGUCGAAUGGGAGGAGUGCUGCUCUCCAGGCACUCUUGUUGCUCGGAUUGAGCGUUUAUUCUUGUCUCCC,GCCTGTTGTGAGCCTCCTGTCGAATGGGAGGAGTGCTGCTCTCCAGGCACTCTTGTTGCTCGGATTGAGCGTTTATTCTTGTCTCCC
GTACGAATTCACGAGGTTGCCGAGCGTGCGCTTGCCTGCGTGTAGAGTCCGTCAACTCGCTCAGTGGGTGGGTGGGTGGTGAGCATGGAGTCGGATCCTCTA,GTACGAATTCACGAGGTTGCCGAGCGTGCGCTTGCCTGCGTGTAGAGTCCGTCAACTCGCTCAGTGGGTGGGTGGGTGGTGAGCATGGAGTCGGATCCTCTA
GTACGAATTCACGAGGTTGCCGCGGGGCCCGTGTGCGTTGGTCGAATTCGTGTACACTTCTCGCCTGTCTACCAGCCAGCCAGCATGGAGTCGGATCCTCTA,GTACGAATTCACGAGGTTGCCGCGGGGCCCGTGTGCGTTGGTCGAATTCGTGTACACTTCTCGCCTGTCTACCAGCCAGCCAGCATGGAGTCGGATCCTCTA
GTACGAATTCACGAGGTTGCCTCGCTCGCGTGATAGAATTGAACTCACCACCTCTTGGGTAGTGTCCCGCCCGCCGAGTCCAGCATGGAGTCGGATCCTCTA,GTACGAATTCACGAGGTTGCCTCGCTCGCGTGATAGAATTGAACTCACCACCTCTTGGGTAGTGTCCCGCCCGCCGAGTCCAGCATGGAGTCGGATCCTCTA
GTACGAATTCACGAGGTTGCCTCGCTCGCGTGCTCGTCTTGAACTCACCACCTCTTGGGTAGTGTCCCGCCCGCCGAGTGGAGCATGGAGTCGGATCCTCTA,GTACGAATTCACGAGGTTGCCTCGCTCGCGTGCTCGTCTTGAACTCACCACCTCTTGGGTAGTGTCCCGCCCGCCGAGTGGAGCATGGAGTCGGATCCTCTA
GTACGAATTCACGAGGTTGCCGCTGCGGTAGGTGAACGGTAACGGCAAACTTCGCATGCTTGCTCGCCTGCTCGCCCCTCCAGCATGGAGTCGGATCCTCTA,GTACGAATTCACGAGGTTGCCGCTGCGGTAGGTGAACGGTAACGGCAAACTTCGCATGCTTGCTCGCCTGCTCGCCCCTCCAGCATGGAGTCGGATCCTCTA
GTACGAATTCACGAGGTTGCCGCTGCGGTAGGTGAACGGTAACGGCAAACTTCGCATGCTTGCTCGCCTGCTCGCCCCTCGCAGCATGGAGTCGGATCCTCTA,GTACGAATTCACGAGGTTGCCGCTGCGGTAGGTGAACGGTAACGGCAAACTTCGCATGCTTGCTCGCCTGCTCGCCCCTCGCAGCATGGAGTCGGATCCTCTA
GTACGAATTCACGAGGTTGCCCCCGGGGCCAGCCACTTCCGTCAGTGAATTCCTGCTCGTATATCTACTCGCCCGCCTGCCAGCATGGAGTCGGATCCTCTA,GTACGAATTCACGAGGTTGCCCCCGGGGCCAGCCACTTCCGTCAGTGAATTCCTGCTCGTATATCTACTCGCCCGCCTGCCAGCATGGAGTCGGATCCTCTA
GTACGAATTCACGAGGTTGCCCCCGGGGCCAGCCACTTCTGTCAGTGAATTCCTGCTCGTATATCTACTCGCCCGCCTGCCAGCATGGAGTCGGATCCTCTA,GTACGAATTCACGAGGTTGCCCCCGGGGCCAGCCACTTCTGTCAGTGAATTCCTGCTCGTATATCTACTCGCCCGCCTGCCAGCATGGAGTCGGATCCTCTA
GTACGAATTCACGAGGTTGCCCCCCGGGGCCAGCCACTTCTGTCAGTGAATTCCTGCTCGTATATCTACTCGCCCGCCTGCCAGCATGGAGTCGGATCCTCTA,GTACGAATTCACGAGGTTGCCCCCCGGGGCCAGCCACTTCTGTCAGTGAATTCCTGCTCGTATATCTACTCGCCCGCCTGCCAGCATGGAGTCGGATCCTCTA
GTACGAATTCACGAGGTTGCCAGCGGGGCCAGCCACTTCTGTCAGTGAATTCCTGCTCGTATATCTACTCGCCCGCCTGCCAGCATGGAGTCGGATCCTCTA,GTACGAATTCACGAGGTTGCCAGCGGGGCCAGCCACTTCTGTCAGTGAATTCCTGCTCGTATATCTACTCGCCCGCCTGCCAGCATGGAGTCGGATCCTCTA
GTACGAATTCACGAGGTTGCCAGCGGGGCCAGCCACTTCTGTCAGTGAATTCCTGCTCGTATATCTACTCGCCCGCCTGCGAGCATGGAGTCGGATCCTCTA,GTACGAATTCACGAGGTTGCCAGCGGGGCCAGCCACTTCTGTCAGTGAATTCCTGCTCGTATATCTACTCGCCCGCCTGCGAGCATGGAGTCGGATCCTCTA
GTACGAATTCACGAGGTTGCCAGCGGGGCCAGCCACTTCTGTCAGTGAATTCCTGCTCGTATATCTACTCGCCCGCCTGGGGAGCATGGAGTCGGATCCTCTA,GTACGAATTCACGAGGTTGCCAGCGGGGCCAGCCACTTCTGTCAGTGAATTCCTGCTCGTATATCTACTCGCCCGCCTGGGGAGCATGGAGTCGGATCCTCTA
GTACGAATTCACGAGGTTGCCAGCGGGGCCAGCCACTTCTGTCAGTGAATTCCTGCTCGTATATCTACTCGCCCGCCTGGGCAGCATGGAGTCGGATCCTCTA,GTACGAATTCACGAGGTTGCCAGCGGGGCCAGCCACTTCTGTCAGTGAATTCCTGCTCGTATATCTACTCGCCCGCCTGGGCAGCATGGAGTCGGATCCTCTA
GTACGAATTCACGAGGTTGCCAGCGGGGCCAGCCACTTCTGTCAGTGAATTCCTGCTCGTATATCTACTCGCCCGCCTGCGGAGCATGGAGTCGGATCCTCTA,GTACGAATTCACGAGGTTGCCAGCGGGGCCAGCCACTTCTGTCAGTGAATTCCTGCTCGTATATCTACTCGCCCGCCTGCGGAGCATGGAGTCGGATCCTCTA
GTACGAATTCACGAGGTTGCCCGCGCCCCCTCAGCCCTGTACGAATTCACGAGGTTGCCAGCATGGAGTCGGATCCTCTA,GTACGAATTCACGAGGTTGCCCGCGCCCCCTCAGCCCTGTACGAATTCACGAGGTTGCCAGCATGGAGTCGGATCCTCTA
GTACGAATTCACGAGGTTGCCCCGGGCCGCCCCCCTGTACGAATTCACGAGGTTGCCAGCATGGAGTCGGATCCTCTA,GTACGAATTCACGAGGTTGCCCCGGGCCGCCCCCCTGTACGAATTCACGAGGTTGCCAGCATGGAGTCGGATCCTCTA
GTACGAATTCACGAGGTTGCCCAGGTCGGGGGGGGCCCCGTACGAATTCACGAGGTTGCCAGCATGGAGTCGGATCCTCTA,GTACGAATTCACGAGGTTGCCCAGGTCGGGGGGGGCCCCGTACGAATTCACGAGGTTGCCAGCATGGAGTCGGATCCTCTA
GTACGAATTCACGAGGTTGCCGAGGTCGGGGGGGGCCCTGTACGAATTCACGAGGTTGGGAGCATGGAGTCGGATCCTCTA,GTACGAATTCACGAGGTTGCCGAGGTCGGGGGGGGCCCTGTACGAATTCACGAGGTTGGGAGCATGGAGTCGGATCCTCTA
ATACCAGCTTATTCAATTTGAGGCGGGTGGGTGGGTTGAATATGCTGATTACCCCATCGGAGAACGTTAAGGCGCTTCAGATAGTAAGTGCAATCT,ATACCAGCTTATTCAATTTGAGGCGGGTGGGTGGGTTGAATATGCTGATTACCCCATCGGAGAACGTTAAGGCGCTTCAGATAGTAAGTGCAATCT
ATACCAGCTTATTCAATTTGAGGCGGGTGGGTGGGTTGAATACGCTGATCACCCCATCGGAGAACGTTAAGGCGCTTTAGATAGTAAGTGCAATCT,ATACCAGCTTATTCAATTTGAGGCGGGTGGGTGGGTTGAATACGCTGATCACCCCATCGGAGAACGTTAAGGCGCTTTAGATAGTAAGTGCAATCT
ATACCAGCTTATTCAATTGCTGCGAGGTGGGTGGGTGGGAGCAATTGGTCCTCGCTTAGCTTCTACGGTGGGCTATCTAGATAGTAAGTGCAATCT,ATACCAGCTTATTCAATTGCTGCGAGGTGGGTGGGTGGGAGCAATTGGTCCTCGCTTAGCTTCTACGGTGGGCTATCTAGATAGTAAGTGCAATCT
ATACCAGCTTATTCAATTGCTGTGAGGTGGGTGGGTGGGAGCAATTGGTCCTCGCTTAGCTTCTACGGTGGGCTATCTAGATAGTAAGTGCAATCT,ATACCAGCTTATTCAATTGCTGTGAGGTGGGTGGGTGGGAGCAATTGGTCCTCGCTTAGCTTCTACGGTGGGCTATCTAGATAGTAAGTGCAATCT
ATACCAGCTTATTCAATTGCTGCGAGGTGGGTGGGTGGGAGCAATTGATCCTCGCTTAGCTTCTACGGTGGGCTATCTAGATAGTAAGTGCAATCT,ATACCAGCTTATTCAATTGCTGCGAGGTGGGTGGGTGGGAGCAATTGATCCTCGCTTAGCTTCTACGGTGGGCTATCTAGATAGTAAGTGCAATCT
ATACCAGCTTATTCAATTGCTGCGAGGTGGGTGGGTGGGAGCAATTGGTCCTTGCTTAGCTTCTACGGTGGGCTATCTAGATAGTAAGTGCAATCT,ATACCAGCTTATTCAATTGCTGCGAGGTGGGTGGGTGGGAGCAATTGGTCCTTGCTTAGCTTCTACGGTGGGCTATCTAGATAGTAAGTGCAATCT
GAAUUCGUCGACGGAUCCGCAGUGCGUCUUGGGUUGUGAGCUCCCGGCUCGCAUUGUGAGGUGGAGGGGGACGUGCUGCAGGUCGACGCAUGCGCCG,GAATTCGTCGACGGATCCGCAGTGCGTCTTGGGTTGTGAGCTCCCGGCTCGCATTGTGAGGTGGAGGGGGACGTGCTGCAGGTCGACGCATGCGCCG
GATCGGGTGTGGGTGGCGTAAAGGGAGCATCGG,GATCGGGTGTGGGTGGCGTAAAGGGAGCATCGG
TGGTGGCTGTAGGTCAGCATCTGATCGGGTGTGGGTGGCGTAAAGGGAGCATCGGACAACG,TGGTGGCTGTAGGTCAGCATCTGATCGGGTGTGGGTGGCGTAAAGGGAGCATCGGACAACG
GATCGGGTGTGGGTGGCGTAAAGGGAGCAT,GATCGGGTGTGGGTGGCGTAAAGGGAGCAT
GATCGGGTGTGGGTGGCGTAAAGGGAGCATCG,GATCGGGTGTGGGTGGCGTAAAGGGAGCATCG
CGTACGGAATTCGCTAGCCGACGCGCGTTGGTGGTGGATGGTGTGTTACACGTGTTGTGGATCCGAGCTCCACGTG,CGTACGGAATTCGCTAGCCGACGCGCGTTGGTGGTGGATGGTGTGTTACACGTGTTGTGGATCCGAGCTCCACGTG
CGTACGGAATTCGCTAGCACGTTGACGCTGGTGCCCGGTTGTGGTGCGAGTGTTGTGTGGATCCGAGCTCCACGTG,CGTACGGAATTCGCTAGCACGTTGACGCTGGTGCCCGGTTGTGGTGCGAGTGTTGTGTGGATCCGAGCTCCACGTG
CGTACGGAATTCGCTAGCCGAGTTGAGCCGGGCGCGGTACGGGTACTGGTATGTGTGGGGATCCGAGCTCCACGTG,CGTACGGAATTCGCTAGCCGAGTTGAGCCGGGCGCGGTACGGGTACTGGTATGTGTGGGGATCCGAGCTCCACGTG
AGGGGTAAGGGGTGGGGGTGGGT,AGGGGTAAGGGGTGGGGGTGGGT
ATCCGTCACACCTGCTCTAGGGGATCAAAGCTATGCGACCATGCGAGTGGATACTGGTGTTGGCTCCCGTAT,ATCCGTCACACCTGCTCTAGGGGATCAAAGCTATGCGACCATGCGAGTGGATACTGGTGTTGGCTCCCGTAT
TAGGGAATTCGTCGACGGATCCCCCCTATAGTGAGTCGTATTAAATCCATATGACTAGTAGATCCTCTAGAGTCGACCTCTGCAGGTCGACGCATGCGCCG,TAGGGAATTCGTCGACGGATCCCCCCTATAGTGAGTCGTATTAAATCCATATGACTAGTAGATCCTCTAGAGTCGACCTCTGCAGGTCGACGCATGCGCCG
TAGGGAATTCGTCGACGGATCCGCGTCGACCTGCAGACCCCCATATCATCAGTCCCACCCCCAGGCACAGAGCGCCGTACCCCCCTGCAGGTCGACGCATGCGCCG,TAGGGAATTCGTCGACGGATCCGCGTCGACCTGCAGACCCCCATATCATCAGTCCCACCCCCAGGCACAGAGCGCCGTACCCCCCTGCAGGTCGACGCATGCGCCG
TAGGGAATTCGTCGACGGATCCGCGGGCGATCGGCGGGGGGTGCGTGCGCTCTGTGCCAGGGGGTGGGACAGATCATATGGGGGTGCTCTGCAGGTCGACGCATGCGCCG,TAGGGAATTCGTCGACGGATCCGCGGGCGATCGGCGGGGGGTGCGTGCGCTCTGTGCCAGGGGGTGGGACAGATCATATGGGGGTGCTCTGCAGGTCGACGCATGCGCCG
GGGAAUGGAUCCACAUCUACGAAUUCUACCGUUAUUGGUGUCACCGAAGAUGUUAUUCACUGCAGACUUGACGAAGCUU,GGGAATGGATCCACATCTACGAATTCTACCGTTATTGGTGTCACCGAAGATGTTATTCACTGCAGACTTGACGAAGCTT
GGGAAUGGAUCCACAUCUACGAAUUCUUCCGUUAUUGGAGCCAAGUCGUAUCCCGAUUCACUGCAGACUUGACGAAGCUU,GGGAATGGATCCACATCTACGAATTCTTCCGTTATTGGAGCCAAGTCGTATCCCGATTCACTGCAGACTTGACGAAGCTT
GGAAUGGAUCCACAUCUACGAAUUCGCAUUGUCCGCACGCAAAGCAUUAUUGUGAUUCACUGCAGACUUGACGAAGCUU,GGAATGGATCCACATCTACGAATTCGCATTGTCCGCACGCAAAGCATTATTGTGATTCACTGCAGACTTGACGAAGCTT
GGGAUCCACAUCUACGAAUUCUACCGUUAUUGGUGUCACCGAAGAUGUUAUUCC,GGGATCCACATCTACGAATTCTACCGTTATTGGTGTCACCGAAGATGTTATTCC
GGAUCUACGAAUUCUACCGUUAUUGGUGUCACCGAAGAUCC,GGATCTACGAATTCTACCGTTATTGGTGTCACCGAAGATCC
GGGAUCCACAUCUACGAAUUCUUCCGUUAUUGGAGCCAAGUCGUAUCCCGAUUCC,GGGATCCACATCTACGAATTCTTCCGTTATTGGAGCCAAGTCGTATCCCGATTCC
GGCGAAUUCUUCCGUUAUUGGAGCCAAGUCGCC,GGCGAATTCTTCCGTTATTGGAGCCAAGTCGCC
AGCACGTTGGTTAGGTCAGGTTTGGGTTTCGTGC,AGCACGTTGGTTAGGTCAGGTTTGGGTTTCGTGC
ATACCAGCTTATTCAATTACAGTAGTGAGGGGTCCGTCGTGGGGTAGTTGGGTCGTGGAGATAGTAAGTGCAATCT,ATACCAGCTTATTCAATTACAGTAGTGAGGGGTCCGTCGTGGGGTAGTTGGGTCGTGGAGATAGTAAGTGCAATCT
ATACCAGCTTATTCAATTGCGAACGACTTCATAAAATGCTATAAGGTTGCCCTCTGTCAGATAGTAAGTGCAATCT,ATACCAGCTTATTCAATTGCGAACGACTTCATAAAATGCTATAAGGTTGCCCTCTGTCAGATAGTAAGTGCAATCT
ATACCAGCTTATTCAATTGGATCGGCGACGTGGGTGTCGTGATTCGGGGTGAGATAGTAAGTGCAATCT,ATACCAGCTTATTCAATTGGATCGGCGACGTGGGTGTCGTGATTCGGGGTGAGATAGTAAGTGCAATCT
ATACCAGCTTATTCAATTCCACAGACCCTTAGCTTTCCTATTATTCTGCGCGACGCTGAGATAGTAAGTGCAATCT,ATACCAGCTTATTCAATTCCACAGACCCTTAGCTTTCCTATTATTCTGCGCGACGCTGAGATAGTAAGTGCAATCT
ATACCAGCTTATTCAATTACAGCGTGGGCGGTGTCGGATTTTCGTATGGATGGGGATGAGATAGTAAGTGCAATCT,ATACCAGCTTATTCAATTACAGCGTGGGCGGTGTCGGATTTTCGTATGGATGGGGATGAGATAGTAAGTGCAATCT
GGGCCGTTCGAACACGAGCATGCCGGTGGGTGGTCAGGTGGGATAGCGTTCCGCGTATGGCCCAGCGCATCACGGGTTCGCACCAGGACAGTACTCAGGTCATCCTAGG,GGGCCGTTCGAACACGAGCATGCCGGTGGGTGGTCAGGTGGGATAGCGTTCCGCGTATGGCCCAGCGCATCACGGGTTCGCACCAGGACAGTACTCAGGTCATCCTAGG
CCTGCCACGCTCCGCAAGCTTTGTAATTTGTCTGCAGCGGTTCTTGATCGCTGACACCATATTATGAAGATAAGCTTGGCACCCGCATCGT,CCTGCCACGCTCCGCAAGCTTTGTAATTTGTCTGCAGCGGTTCTTGATCGCTGACACCATATTATGAAGATAAGCTTGGCACCCGCATCGT
CACCTAATACGACTCACTATAGCGGATCCGACACGGCATGGTGGGCGTCGTGCTGGCTCGAACAAGCTTGC,CACCTAATACGACTCACTATAGCGGATCCGACACGGCATGGTGGGCGTCGTGCTGGCTCGAACAAGCTTGC
CACCTAATACGACTCACTATAGCGGATCCGAGCGGGCGGTTGTATAGCGGCTGGCTCGAACAAGCTTGC,CACCTAATACGACTCACTATAGCGGATCCGAGCGGGCGGTTGTATAGCGGCTGGCTCGAACAAGCTTGC
TTTAGTTGGGGTTCAGTTG,TTTAGTTGGGGTTCAGTTG
CGTACGGAATTCGCTAGCCGACGCACAGTCGCTGGTGCGTACCTGGTTGCCGTTGTGTGGATCCGAGCTCCACGTG,CGTACGGAATTCGCTAGCCGACGCACAGTCGCTGGTGCGTACCTGGTTGCCGTTGTGTGGATCCGAGCTCCACGTG
GAATGGATCCACATCCATGGATGGGCAATGCGGGGTGGAGAATGGTTGCCGCACTTCGGCTTCACTGCAGACTTGACGAAGCTTGACGAA,GAATGGATCCACATCCATGGATGGGCAATGCGGGGTGGAGAATGGTTGCCGCACTTCGGCTTCACTGCAGACTTGACGAAGCTTGACGAA
ACCGACCGTGCTGGACTCTGGACTGTTGTGGTATTATTTTTGGTTGTGCAGTATGAGCGAGCGTTGCG,ACCGACCGTGCTGGACTCTGGACTGTTGTGGTATTATTTTTGGTTGTGCAGTATGAGCGAGCGTTGCG
AGCCTCGTCTGTTCTCCCGGCAGTGTGGGCGAATCTATGCGTACCGTTCGATATCGTGGGGAAGACAAGCAGACGT,AGCCTCGTCTGTTCTCCCGGCAGTGTGGGCGAATCTATGCGTACCGTTCGATATCGTGGGGAAGACAAGCAGACGT
AGCCTCGTCTGTTCTCCCGGCGCATGATCATTCGGTGGGTAAGGTGGTGGTAACGTTGGGGAAGACAAGCAGACGT,AGCCTCGTCTGTTCTCCCGGCGCATGATCATTCGGTGGGTAAGGTGGTGGTAACGTTGGGGAAGACAAGCAGACGT
CGTACGGAATTCGCTAGCGGGCGGACGCTAGGTGGTGATGCTGTGCTACACGTGTTGTGGATCCGAGCTCCACGTG,CGTACGGAATTCGCTAGCGGGCGGACGCTAGGTGGTGATGCTGTGCTACACGTGTTGTGGATCCGAGCTCCACGTG
CGTACGGAATTCGCTAGCACAAGGGGTGCAGGGGTCCGCGATTGTGACTGTGTGTGCGGGATCCGAGCTCCACGTG,CGTACGGAATTCGCTAGCACAAGGGGTGCAGGGGTCCGCGATTGTGACTGTGTGTGCGGGATCCGAGCTCCACGTG
CGTACGGAATTCGCTAGCCCCCGCTGCCCGTGTTCCGTCCTCCCTTGCTGTGTGTGCGGGATCCGAGCTCCACGTG,CGTACGGAATTCGCTAGCCCCCGCTGCCCGTGTTCCGTCCTCCCTTGCTGTGTGTGCGGGATCCGAGCTCCACGTG
CTCGTCTCGTTCTCTCAGTCTTCTTCTGGCTTGGTGGTTGGTGTGTCTGCTGATTTGGTAGACACGAAGAAGAAGGAGGA,CTCGTCTCGTTCTCTCAGTCTTCTTCTGGCTTGGTGGTTGGTGTGTCTGCTGATTTGGTAGACACGAAGAAGAAGGAGGA
CTCGTCTCGTTCTCTCAGTCTGGTTAGCACGGGACCCAGGCTATTGGCAACTTCTAGTCCGACACGAAGAAGAAGGAGGA,CTCGTCTCGTTCTCTCAGTCTGGTTAGCACGGGACCCAGGCTATTGGCAACTTCTAGTCCGACACGAAGAAGAAGGAGGA
CTCGTCTCGTTCTCTCAGTCGGACGAAGAGAGGGGGAGAGGGGGACGGAGCTGCTAAGGTGACACGAAGAAGAAGGAGGA,CTCGTCTCGTTCTCTCAGTCGGACGAAGAGAGGGGGAGAGGGGGACGGAGCTGCTAAGGTGACACGAAGAAGAAGGAGGA
GGGAGGACGAAGCGGAACTTAGTGCGCTTGAGGCTCGATCAGGAGATCTGGAGTCGTGGGCACTCACAACGATACGTGGTCAGAAGACACGCCCGAC,GGGAGGACGAAGCGGAACTTAGTGCGCTTGAGGCTCGATCAGGAGATCTGGAGTCGTGGGCACTCACAACGATACGTGGTCAGAAGACACGCCCGAC
AGCAGCACAGAGGTCAGATGGTCTCTACTAAAAGTTTTGATCATACCGTTCACTAATTGACCTATGCGTGCTACCGTGAA,AGCAGCACAGAGGTCAGATGGTCTCTACTAAAAGTTTTGATCATACCGTTCACTAATTGACCTATGCGTGCTACCGTGAA
ATGCGGATCCCGCGCGGGTCTGAGGAGTGCGCGGTGCCAGTGAGTGCGCGAAGCTTGCGC,ATGCGGATCCCGCGCGGGTCTGAGGAGTGCGCGGTGCCAGTGAGTGCGCGAAGCTTGCGC
CGACCAGCTCATTCCTCACCACGAGAAAGGAGCTCGATGAACTGCGACGGATTCGACCCTATGCGAGTAGGTGGTGGATCCGAGCTCACCAGT,CGACCAGCTCATTCCTCACCACGAGAAAGGAGCTCGATGAACTGCGACGGATTCGACCCTATGCGAGTAGGTGGTGGATCCGAGCTCACCAGT
ACCGTCTGAGCGATTCGTACTTTATTCGGGAAGGGTATCAGCGGGG,ACCGTCTGAGCGATTCGTACTTTATTCGGGAAGGGTATCAGCGGGG
ATACCAGCTTATTCAATTCAGGAAGACAACTCCGACTAGAATTGATAATCAAGAATTCGTCTGGGGGGAATGTGCGAGATAGTAAGTGCAATCT,ATACCAGCTTATTCAATTCAGGAAGACAACTCCGACTAGAATTGATAATCAAGAATTCGTCTGGGGGGAATGTGCGAGATAGTAAGTGCAATCT
ATTGGCACTCCACGCATAGGACGCATAGGGTGCGACCACATACGCCCCATGTATGTCCCTTGGTTGTGCCCTATGCGTCCTATGCGTGCTACCGTGAA,ATTGGCACTCCACGCATAGGACGCATAGGGTGCGACCACATACGCCCCATGTATGTCCCTTGGTTGTGCCCTATGCGTCCTATGCGTGCTACCGTGAA
ATACCAGCTTATTCAATTATTCAATTCGAGGCGGGTGGGTGGGTTGAATGATAGTAAGTGCAATCT,ATACCAGCTTATTCAATTATTCAATTCGAGGCGGGTGGGTGGGTTGAATGATAGTAAGTGCAATCT
CGTTAGACG,CGTTAGACG
GCATCAGTCCACTCGTGAGGTCGACTGATGAGGCTCGATCAGGAGCGCCGCTCGATCGCACTTTCACAGGATAGTAGTTGGTAGCGACCTCTGCTAGA,GCATCAGTCCACTCGTGAGGTCGACTGATGAGGCTCGATCAGGAGCGCCGCTCGATCGCACTTTCACAGGATAGTAGTTGGTAGCGACCTCTGCTAGA
GCATCAGTCCACTCGTGAGGTCGACTGATGAGGCTCGAT,GCATCAGTCCACTCGTGAGGTCGACTGATGAGGCTCGAT
CGGAUGGAAGGCGUGGUUAGAAUCCAAUAGCCCAUCCG,CGGATGGAAGGCGTGGTTAGAATCCAATAGCCCATCCG
GGGAGACAAGAATAAACGCTCAAGCAGTTGATCCTTTGGATACCCTGGTTCGACAGGAGGCTCACAACAGGC,GGGAGACAAGAATAAACGCTCAAGCAGTTGATCCTTTGGATACCCTGGTTCGACAGGAGGCTCACAACAGGC
TAGGGAATTCGTCGACGGATCCCTGCAGTTTGGTAGGGTGCGAGCAACATCAGGCACCTGCAGGTCGACGCATGCGCCG,TAGGGAATTCGTCGACGGATCCCTGCAGTTTGGTAGGGTGCGAGCAACATCAGGCACCTGCAGGTCGACGCATGCGCCG
ATCCCTGCAGTTTGGTAGGGTGCGAGCAACATCAGGCACCTGCAGG,ATCCCTGCAGTTTGGTAGGGTGCGAGCAACATCAGGCACCTGCAGG
ATCCCTGCAGTTTGGTAGGGTGCAGG,ATCCCTGCAGTTTGGTAGGGTGCAGG
CTGCTTTGGTAGGGCAG,CTGCTTTGGTAGGGCAG
CTGTTTGGTAGGCAG,CTGTTTGGTAGGCAG
CTCCTTCAACGAAGTGGGTTCCTTCAACGAAGTGGGTCTC,CTCCTTCAACGAAGTGGGTTCCTTCAACGAAGTGGGTCTC
CTCCTTCAACGAAGTGGGTCTCCTTCAACGAAGTGGGTCTC,CTCCTTCAACGAAGTGGGTCTCCTTCAACGAAGTGGGTCTC
GGAGACCGCTTAAGCTTAAAGGAGCGGTTACGAATGCGATGACTTAGGTACCATTGCACTACGGTACCTAAACAGTTCCTTTGGATCCGAATTCGCCGC,GGAGACCGCTTAAGCTTAAAGGAGCGGTTACGAATGCGATGACTTAGGTACCATTGCACTACGGTACCTAAACAGTTCCTTTGGATCCGAATTCGCCGC
ATACGGGAGCCAACACCACCTGCGGAAAATCAACAACGACACACGCCACGATTCAGAGCAGGTGTGACGGAT,ATACGGGAGCCAACACCACCTGCGGAAAATCAACAACGACACACGCCACGATTCAGAGCAGGTGTGACGGAT
ATACGGGAGCCAACACCATGTACATTGTAGATTTATTTGCCCAAAACCCAAGAAGAGCAGGTGTGACGGAT,ATACGGGAGCCAACACCATGTACATTGTAGATTTATTTGCCCAAAACCCAAGAAGAGCAGGTGTGACGGAT
ATCCGTCACACCTGCTCTCACGTCCGTCAACCAGATTGATACTTTATCTTGTTGTGGTGTTGGCTCCCGTAT,ATCCGTCACACCTGCTCTCACGTCCGTCAACCAGATTGATACTTTATCTTGTTGTGGTGTTGGCTCCCGTAT
ATCCGTCACACCTGCTCTATACACATTGTGTTTACTCCCAGTTTTTTAGACTTATGGTGTTGGCTCCCGTAT,ATCCGTCACACCTGCTCTATACACATTGTGTTTACTCCCAGTTTTTTAGACTTATGGTGTTGGCTCCCGTAT
ATCCGTCACACCTGCTCTATTCCTCTGTTGAAGAACCACTTCCGGAAATAAGAGTGGTGTTGGCTCCCGTAT,ATCCGTCACACCTGCTCTATTCCTCTGTTGAAGAACCACTTCCGGAAATAAGAGTGGTGTTGGCTCCCGTAT
GCCGCAAGUACGAGGGCGGCGCGCUCGACGCGGUUAGAUGAGUGUCGCCGUUUCCGAAGAUUGGCUACGCGGGG,GCCGCAAGTACGAGGGCGGCGCGCTCGACGCGGTTAGATGAGTGTCGCCGTTTCCGAAGATTGGCTACGCGGGG
CUGACGUUUCGAACGUCAAAUGCGGAAGUUGUCGGAGCUAAGAAACGGGUAAUGAUGCCGUUGAUGUGAAGGCGGGCUCA,CTGACGTTTCGAACGTCAAATGCGGAAGTTGTCGGAGCTAAGAAACGGGTAATGATGCCGTTGATGTGAAGGCGGGCTCA
CAAGCUUGCGGGUUGGCUUGUAACAAGAUCGCUACGUGUUGAACUCUGCAACACUGGUCGGAUAGCGUAAACGGG,CAAGCTTGCGGGTTGGCTTGTAACAAGATCGCTACGTGTTGAACTCTGCAACACTGGTCGGATAGCGTAAACGGG
GUCAUGUUGUGUUGUGGUCCAUCCUUUUCUACGCCAGUCGAGUCUGUAGCGUGGGAGUAAACUGAACGGUCAGACAGGA,GTCATGTTGTGTTGTGGTCCATCCTTTTCTACGCCAGTCGAGTCTGTAGCGTGGGAGTAAACTGAACGGTCAGACAGGA
UCUGAGGGGUUGGGGCCGCAGUCUCGUCGCCAUGGCUAACGAGGCCGGAACUAGUUUUAGCCGAAAUGAUCGAUGC,TCTGAGGGGTTGGGGCCGCAGTCTCGTCGCCATGGCTAACGAGGCCGGAACTAGTTTTAGCCGAAATGATCGATGC
CTTACGACCCAGGGGGGTGGACAGGCGGGGGTTAGGGGGGTCGTAAG,CTTACGACCCAGGGGGGTGGACAGGCGGGGGTTAGGGGGGTCGTAAG
CTTACGACTGTGGTCGGGTGGTGGGCCTCTAGAGGGGTGTCGTAAG,CTTACGACTGTGGTCGGGTGGTGGGCCTCTAGAGGGGTGTCGTAAG
CTTACGACTCAGGCATTTTGCCGGGTAACGAAGTTACTGTCGTAAG,CTTACGACTCAGGCATTTTGCCGGGTAACGAAGTTACTGTCGTAAG
GGAATCGTGGGTGGTAGGGTAGGGGATGCA,GGAATCGTGGGTGGTAGGGTAGGGGATGCA
GCCGAGATTGCACTTACTATCTCAATAGGGTAAAAAAAAAAAGTTGGTCCTATGGGTGGGTTGTTCAGTAATTGAATAAGCTGGTATGCGC,GCCGAGATTGCACTTACTATCTCAATAGGGTAAAAAAAAAAAGTTGGTCCTATGGGTGGGTTGTTCAGTAATTGAATAAGCTGGTATGCGC
GCCGAGATTGCACTTACTATCTGATGTTATTGTGTTTATTGGAATTTAAAGTATATGGGATGTTTGGTTAGTAATTGAATAAGCTGGTATGCGC,GCCGAGATTGCACTTACTATCTGATGTTATTGTGTTTATTGGAATTTAAAGTATATGGGATGTTTGGTTAGTAATTGAATAAGCTGGTATGCGC
GCCGAGATTGCACTTACTATCTATTAGGAATAAGGTATGAATAGAGATGTATAAGTTGTGTGGACGGTGTAATTGAATAAGCTGGTATGCGC,GCCGAGATTGCACTTACTATCTATTAGGAATAAGGTATGAATAGAGATGTATAAGTTGTGTGGACGGTGTAATTGAATAAGCTGGTATGCGC
GCCGAGATTGCACTTACTATCTCAAGAAGGGTAGTAAGAGGAGTGGGTGATTATGGGTAAGTTGTATGAGGTAATTGAATAAGCTGGTATGCGC,GCCGAGATTGCACTTACTATCTCAAGAAGGGTAGTAAGAGGAGTGGGTGATTATGGGTAAGTTGTATGAGGTAATTGAATAAGCTGGTATGCGC
GCCGAGATTGCACTTACTATCTGAAAGGGTGGAGATTGATAGGTATAGAGAAACGATAAGGGGGTGTAGAGTAATTGAATAAGCTGGTATGCGC,GCCGAGATTGCACTTACTATCTGAAAGGGTGGAGATTGATAGGTATAGAGAAACGATAAGGGGGTGTAGAGTAATTGAATAAGCTGGTATGCGC
GCCGAGATTGCACTTACTATCTAAAGAAGAGTAGTAAGAGGCGTGGGTGATTATGGGTAAGTTGTATGAGGTAATTGAATAAGCTGGTATGCGC,GCCGAGATTGCACTTACTATCTAAAGAAGAGTAGTAAGAGGCGTGGGTGATTATGGGTAAGTTGTATGAGGTAATTGAATAAGCTGGTATGCGC
GCCGAGATTGCACTTACTATCTGTTGAGGGAAGAAGTGGTGTAATGTGGAATAATTGTTGTAATAGTAATTGATAAGCTGGTATGCGC,GCCGAGATTGCACTTACTATCTGTTGAGGGAAGAAGTGGTGTAATGTGGAATAATTGTTGTAATAGTAATTGATAAGCTGGTATGCGC
GCCGAGATTGCACTTACTATCTCATCAATAAAGATTATAGGGTGAAGGTGATAGTAGGTGGTATATAGGGTAATTGAATAAGCTGGTATGCGC,GCCGAGATTGCACTTACTATCTCATCAATAAAGATTATAGGGTGAAGGTGATAGTAGGTGGTATATAGGGTAATTGAATAAGCTGGTATGCGC
GCCGAGATTGCACTTACTATCTAAAGAAAGGTAGTAAGAGTGGGTGATTATGGGTAAGTTGTATGAGGTAATTGAATAAGCTGGTATGCGC,GCCGAGATTGCACTTACTATCTAAAGAAAGGTAGTAAGAGTGGGTGATTATGGGTAAGTTGTATGAGGTAATTGAATAAGCTGGTATGCGC
GCCGAGATTGCACTTACTATCTCAAGAAGAGTAGTAAGAGGAGTGGGTGGTTATGAGTAAGTTGTATGTGGTAATTGAATAAGCTGGTATGCGC,GCCGAGATTGCACTTACTATCTCAAGAAGAGTAGTAAGAGGAGTGGGTGGTTATGAGTAAGTTGTATGTGGTAATTGAATAAGCTGGTATGCGC
GCAGTGTGGGCGAATCTATGCGTACCGTTCGATATCGTG,GCAGTGTGGGCGAATCTATGCGTACCGTTCGATATCGTG
AATAGGGTAAAAAAAAAAAGTTGGTCCTATG,AATAGGGTAAAAAAAAAAAGTTGGTCCTATG
ACTGCTAGAGATTTTCCACAT,ACTGCTAGAGATTTTCCACAT
GGGACAGGGAGTGCGCTGCTCCCC,GGGACAGGGAGTGCGCTGCTCCCC
GGGGACTAGAGGACTTGTGCGGCC,GGGGACTAGAGGACTTGTGCGGCC
ATCATGGTGGGTATCGGCACTCGTTGGTTGAT,ATCATGGTGGGTATCGGCACTCGTTGGTTGAT
CTAAGCAGGAAGGTATGGATTGGTTGCATTAG,CTAAGCAGGAAGGTATGGATTGGTTGCATTAG
GACAAGGATAAATCCTTCAATGAAGTGGGTCACTCATCTGTGA,GACAAGGATAAATCCTTCAATGAAGTGGGTCACTCATCTGTGA
GAUGUAACUGAAUGAAAUGGUGAAGGACGGGUCCAGUAGGCUGC,GATGTAACTGAATGAAATGGTGAAGGACGGGTCCAGTAGGCTGC
GGCGCGAGGAAGGAGGUCUGAGGAGGUCACUGCGCC,GGCGCGAGGAAGGAGGTCTGAGGAGGTCACTGCGCC
GCGACUACGGUGAGGGUCGGGUCCAGUAGCUUCGGCUACUGUUGAGUAGAGUGUGGGCUCCGUAGUCGC,GCGACTACGGTGAGGGTCGGGTCCAGTAGCTTCGGCTACTGTTGAGTAGAGTGTGGGCTCCGTAGTCGC
TGTACCGTCTGAGCGATTCGTACTTTATTCGGGAAGGGTATCAGCGGGGTTCAACAAGCCAGTCAGTGTTAAGGAGTGC,TGTACCGTCTGAGCGATTCGTACTTTATTCGGGAAGGGTATCAGCGGGGTTCAACAAGCCAGTCAGTGTTAAGGAGTGC
CTTTCTGTCCTTCCGTCACATCCCACGCATTCTCCACAT,CTTTCTGTCCTTCCGTCACATCCCACGCATTCTCCACAT
CTTTTAAGAACCGGACGAACTAGAATATTATATTTT,CTTTTAAGAACCGGACGAACTAGAATATTATATTTT
GTCCATTATTCTGGTAGCGTTGAACAACATTCAACACGCC,GTCCATTATTCTGGTAGCGTTGAACAACATTCAACACGCC
GTCGAATCAGCACCTCTGCATAGGTTACGTTTATACTGCG,GTCGAATCAGCACCTCTGCATAGGTTACGTTTATACTGCG
AGCGTCCTCTGCATAGTGATTTACGCTATGTGTACAGTGC,AGCGTCCTCTGCATAGTGATTTACGCTATGTGTACAGTGC
ATACGAGCTTGTTCAATACGAAGGGATGCCGTTTGGGCCCAAGTTCGGCATAGTGTGGTGATAGTAAGAGCAATC,ATACGAGCTTGTTCAATACGAAGGGATGCCGTTTGGGCCCAAGTTCGGCATAGTGTGGTGATAGTAAGAGCAATC
CGACACCACACAGCAGTAAGCACTACAACATAGTGGTCTAGACTATCTCGGGCCGGTG,CGACACCACACAGCAGTAAGCACTACAACATAGTGGTCTAGACTATCTCGGGCCGGTG
GCGCAGAACCGACAGCAAAACGGAAGTCCACCACGACTATTGGTGCCCAATCTACCGTA,GCGCAGAACCGACAGCAAAACGGAAGTCCACCACGACTATTGGTGCCCAATCTACCGTA
TGGCGACAAGAAGACGTACAAACACGCACCAGGCCGGAGTGGAGTATTCTGAGGTCGG,TGGCGACAAGAAGACGTACAAACACGCACCAGGCCGGAGTGGAGTATTCTGAGGTCGG
GGAGGCGCCAACUGAAUGAACGAGUUGAAAUGCGGAUCAAGUUACUGCUUCGGCAGUACCUAGUGGGAAAAGUUCUUGGGUCCGUAACUAGUCGCGUCAC,GGAGGCGCCAACTGAATGAACGAGTTGAAATGCGGATCAAGTTACTGCTTCGGCAGTACCTAGTGGGAAAAGTTCTTGGGTCCGTAACTAGTCGCGTCAC
GGAGGCGCCAACUGAAUGAAACCGUGCUAAGGAGUUGGACUCCGCUGCUUCGGCAGAGCGAUAUAGUGCCAGCUGAUACAUCCGUAACUAGUCGCGUCAC,GGAGGCGCCAACTGAATGAAACCGTGCTAAGGAGTTGGACTCCGCTGCTTCGGCAGAGCGATATAGTGCCAGCTGATACATCCGTAACTAGTCGCGTCAC
GGAGGCGCCAACUGAAUGAAAGGUUACGCUUCAACGCCGUGCAGCUGCUUCGGCAGGCUUGUGAGUACAUGGCCCAUUGAUCCGUAACUAGUCGCGUCAC,GGAGGCGCCAACTGAATGAAAGGTTACGCTTCAACGCCGTGCAGCTGCTTCGGCAGGCTTGTGAGTACATGGCCCATTGATCCGTAACTAGTCGCGTCAC
GGAGGCGCCAACUGAAUGAAUGUUCUGGAUCUGCUAGAGACUAUCUGCUUCGGCAGCACUCUCCGUUAACAACACGUACAUCCGUAACUAGUCGCGUCAC,GGAGGCGCCAACTGAATGAATGTTCTGGATCTGCTAGAGACTATCTGCTTCGGCAGCACTCTCCGTTAACAACACGTACATCCGTAACTAGTCGCGTCAC
GGAGGCGCCAACUGAAUGAAAGAGGUAACGAAAGAUGAUUGUGCCUGCUUCGGCAGUACAACUUCUCGGAUAAAUGAUUAUCCGUAACUAGUCGCGUCAC,GGAGGCGCCAACTGAATGAAAGAGGTAACGAAAGATGATTGTGCCTGCTTCGGCAGTACAACTTCTCGGATAAATGATTATCCGTAACTAGTCGCGTCAC
GGAGGCGCCAACUGAAUGAAGGUGUAUUUCAGUUAAAGAACUUGCUGCUUCGGCAGCGUUCUGAGUUACUAGUCCAAUAAUCCGUAACUAGUCGCGUCAC,GGAGGCGCCAACTGAATGAAGGTGTATTTCAGTTAAAGAACTTGCTGCTTCGGCAGCGTTCTGAGTTACTAGTCCAATAATCCGTAACTAGTCGCGTCAC
CACACCAAACACACAAGTGGACCCTGACGCATGGATAGGGTGACGGTATACGCGGGCATG,CACACCAAACACACAAGTGGACCCTGACGCATGGATAGGGTGACGGTATACGCGGGCATG
GGCCACCAAACCACACCGTCGCAACCGCGAGAACCGAAGTAGTGATCATGTCCCTGCGTG,GGCCACCAAACCACACCGTCGCAACCGCGAGAACCGAAGTAGTGATCATGTCCCTGCGTG
CACGGGCAGAGGGATAGGTTGTTGACGGGGCTGGTGGGTGGGTGCGCTCGCGCTATCGTGG,CACGGGCAGAGGGATAGGTTGTTGACGGGGCTGGTGGGTGGGTGCGCTCGCGCTATCGTGG
GGCGATAGGCAGTGTTGCGGGGTCGGAGAGCGAGGTAATAGCGTGTATGGGTGCTGTGTG,GGCGATAGGCAGTGTTGCGGGGTCGGAGAGCGAGGTAATAGCGTGTATGGGTGCTGTGTG
ACCACCGGCCCGAGATAGTCTAGACCACTATGTTGTTGTGCTTACTGCTGTGTGGTGTGG,ACCACCGGCCCGAGATAGTCTAGACCACTATGTTGTTGTGCTTACTGCTGTGTGGTGTGG
GGCCACACAAACAACATGACAACACGTCTCACATAACGCCCACGTGCTGCCGCCTCATCG,GGCCACACAAACAACATGACAACACGTCTCACATAACGCCCACGTGCTGCCGCCTCATCG
TCACGAGAGAGCGAGAGCGCCCCCCCACCACAGCCGTCACCACCCTATTCCTCTGCCGTTG,TCACGAGAGAGCGAGAGCGCCCCCCCACCACAGCCGTCACCACCCTATTCCTCTGCCGTTG
TGTACCGTCTGAGCGATTCGTACTGTGGGCACCAATCGTACCCAATACTTGCGAATCAGCCAGTCAGTGTTAAGGAGTGC,TGTACCGTCTGAGCGATTCGTACTGTGGGCACCAATCGTACCCAATACTTGCGAATCAGCCAGTCAGTGTTAAGGAGTGC
TGTACCGTCTGAGCGATTCGTACGATCGGGTCGGGGTCTATTTTAGGGCCATTTGGCAGCCAGTCAGTGTTAAGGAGTGC,TGTACCGTCTGAGCGATTCGTACGATCGGGTCGGGGTCTATTTTAGGGCCATTTGGCAGCCAGTCAGTGTTAAGGAGTGC
GGACTGTTGTGGTATTATTTTTGGTTGTGC,GGACTGTTGTGGTATTATTTTTGGTTGTGC
GGGGTTGTGTGGGGAGTTTGTCCTGTTGTG,GGGGTTGTGTGGGGAGTTTGTCCTGTTGTG
GGTTTTGTGTTTGTGTTTTGTGGTTGTTGT,GGTTTTGTGTTTGTGTTTTGTGGTTGTTGT
GGTGGATGGGGATGCTTTGTTAGTTTGTGC,GGTGGATGGGGATGCTTTGTTAGTTTGTGC
GGAGTAGTGGGGATTGTGGTGTATGTTGTC,GGAGTAGTGGGGATTGTGGTGTATGTTGTC
GGTGTGGAGTGGTGTGTGTTGTTGTTTGTC,GGTGTGGAGTGGTGTGTGTTGTTGTTTGTC
GGAGCGATTAGTAGTGGTCTTGTCTTTTGC,GGAGCGATTAGTAGTGGTCTTGTCTTTTGC
GGTGTTGTTGTTGGCTAGTTTGTTGTGGGC,GGTGTTGTTGTTGGCTAGTTTGTTGTGGGC
GGAGATGTCAGTTGTGTGTGTGGTTATGGC,GGAGATGTCAGTTGTGTGTGTGGTTATGGC
AGTGTGAAGTGGTGTGTGTTGTTGTTTGTC,AGTGTGAAGTGGTGTGTGTTGTTGTTTGTC
GGAGATGTATGAGCGGGTGTTTGTGTTTGC,GGAGATGTATGAGCGGGTGTTTGTGTTTGC
GGTGGTTGCTGTTGTTTGTGGTTGGTGTGC,GGTGGTTGCTGTTGTTTGTGGTTGGTGTGC
GGGUGACUUUUCCCUCAGGCUCCUGUGAAGCAACCGAAUGGACUGAAAUGAAACCGCCC,GGGTGACTTTTCCCTCAGGCTCCTGTGAAGCAACCGAATGGACTGAAATGAAACCGCCC
AAUCGGCCCAAUUUUACCUUCGGACUUCAGUAUCUAGUGUGGCUUUAAAUCAUAGC,AATCGGCCCAATTTTACCTTCGGACTTCAGTATCTAGTGTGGCTTTAAATCATAGC
GGCAGTGTGGGCGAATCTATGCGTACCGTTCGATATCGTG,GGCAGTGTGGGCGAATCTATGCGTACCGTTCGATATCGTG
GGCGCATGATCATTCGGTGGGTAAGGTGGTGGTAACGTTG,GGCGCATGATCATTCGGTGGGTAAGGTGGTGGTAACGTTG
GATCGGGTGTGGGTGGCGTAAAGGGAGCATCGGACA,GATCGGGTGTGGGTGGCGTAAAGGGAGCATCGGACA
CGACGCACAGTCGCTGGTGCGTACCTGGTTGCCGTTGTGT,CGACGCACAGTCGCTGGTGCGTACCTGGTTGCCGTTGTGT
GGCGAAGGAGTCATGTAGGTGTGGTCGAGACCGCTGTGCT,GGCGAAGGAGTCATGTAGGTGTGGTCGAGACCGCTGTGCT
GGCGCGGCATGGTGTGGACTCCAGGCGGTAGGGATGTCGT,GGCGCGGCATGGTGTGGACTCCAGGCGGTAGGGATGTCGT
GAAAGGGACGTTCCAAGTTCGTATAAGCAGTCCTGTGCGT,GAAAGGGACGTTCCAAGTTCGTATAAGCAGTCCTGTGCGT
GGGCGGACGCTAGGTGGTGATGCTGTGCTACACGTGTTGT,GGGCGGACGCTAGGTGGTGATGCTGTGCTACACGTGTTGT
ACAAGGGGTGCAGGGGTCCGCGATTGTGACTGTGTGTGCG,ACAAGGGGTGCAGGGGTCCGCGATTGTGACTGTGTGTGCG
CCCCGCTGCCCGTGTTCCGTCCTCCCTTGCTGTGTGTGCG,CCCCGCTGCCCGTGTTCCGTCCTCCCTTGCTGTGTGTGCG
CAACGATCGTACCACAGTACCCACCCACCAGCCCCAACATCATGCCCATGCGTCGGTGTG,CAACGATCGTACCACAGTACCCACCCACCAGCCCCAACATCATGCCCATGCGTCGGTGTG
CACGCACACAACAGCCAATAATGTATAACGCTGTCCACTGTGTGGTGTCCCCCGCGTCG,CACGCACACAACAGCCAATAATGTATAACGCTGTCCACTGTGTGGTGTCCCCCGCGTCG
GCATCACACACCGATACTCACCCGCCTGATTAACATTAGCCCACCGCCCACCCCCGCTGC,GCATCACACACCGATACTCACCCGCCTGATTAACATTAGCCCACCGCCCACCCCCGCTGC
GGCACGGCAAAGGGGTACAGCCTACCGAACCGTGGCTGTAAGGGTGGTTGTGGTGTG,GGCACGGCAAAGGGGTACAGCCTACCGAACCGTGGCTGTAAGGGTGGTTGTGGTGTG
CACACACGCAGCAAGGTCGTCGATACAAAACGTATCGACCCGTCACAGACTGCCCCGGGT,CACACACGCAGCAAGGTCGTCGATACAAAACGTATCGACCCGTCACAGACTGCCCCGGGT
TAGCACACAACCCTTTGATTGGGATATCTCATCCCTCG,TAGCACACAACCCTTTGATTGGGATATCTCATCCCTCG
GTATATCAAGCATCGCGTGTTTACACATGCGAGAGGTGAA,GTATATCAAGCATCGCGTGTTTACACATGCGAGAGGTGAA
ACCACAGCCAGTAAGTCCCGTAGGCCCTGGTTGGGCTGTT,ACCACAGCCAGTAAGTCCCGTAGGCCCTGGTTGGGCTGTT
TCCGTGTATAGGTCGGGTCTCTTGCCAACTGATTCGTTGAAAAGTATAGCCCCGCAGGG,TCCGTGTATAGGTCGGGTCTCTTGCCAACTGATTCGTTGAAAAGTATAGCCCCGCAGGG
TCCCTCCTGTTGGTTTGGGATGGTGGCGACTATCTGATTGTTTGACTCCCCGTAGGGG,TCCCTCCTGTTGGTTTGGGATGGTGGCGACTATCTGATTGTTTGACTCCCCGTAGGGG
GACTTCGTCGTCTTTAGACTAGCAGTTAGGGTTTACGATTGTGGAGTTAGCCCCCAGGG,GACTTCGTCGTCTTTAGACTAGCAGTTAGGGTTTACGATTGTGGAGTTAGCCCCCAGGG
CAAGTACAAACTTCCATCGCACCTCTTGCTCCCCGCGAGGGG,CAAGTACAAACTTCCATCGCACCTCTTGCTCCCCGCGAGGGG
TCAATGGGATGTTAGTATGCAAAGATATTCTGTTCAGTGTGTGCCCAGGCCCCCAGGG,TCAATGGGATGTTAGTATGCAAAGATATTCTGTTCAGTGTGTGCCCAGGCCCCCAGGG
TCCGTGGTACGGTTACTCGTTCCTTATGTATGTTGCTACAATGGATTGCGTCCCCAGGG,TCCGTGGTACGGTTACTCGTTCCTTATGTATGTTGCTACAATGGATTGCGTCCCCAGGG
CCATGATTCAACTTTACTGGTCTTGTCTTGGCTAGTCGTGTGTCATTCCCTAAGG,CCATGATTCAACTTTACTGGTCTTGTCTTGGCTAGTCGTGTGTCATTCCCTAAGG
TTCCAAGACCTGACCGTAATCGTCAAATGTGTTATTGGAGGGGGACTAGCCCCCGGAGGG,TTCCAAGACCTGACCGTAATCGTCAAATGTGTTATTGGAGGGGGACTAGCCCCCGGAGGG
TCATATCCTTCTTGGTATCATTGCGTCATTTAGTCATTCATGTTATTCCCGAGGG,TCATATCCTTCTTGGTATCATTGCGTCATTTAGTCATTCATGTTATTCCCGAGGG
CACACCTTGACTTTCTTCTTTTTGAAGTTGAACCTGTTGTACTAGTGTTACCCCTAGGG,CACACCTTGACTTTCTTCTTTTTGAAGTTGAACCTGTTGTACTAGTGTTACCCCTAGGG
TCCTCTCACACATCTTATCCCCTAGGG,TCCTCTCACACATCTTATCCCCTAGGG
TACTGATGCAGGGTAATGCTTCTGTGTTTGTTCTTCATCATTAACGGCCGCGTCTGGCGG,TACTGATGCAGGGTAATGCTTCTGTGTTTGTTCTTCATCATTAACGGCCGCGTCTGGCGG
ACCTGTTATGTTTGAGAGAGGGTAGTCAATAGTGTTATGCCCGCTTCCCCCCTTTGGGGG,ACCTGTTATGTTTGAGAGAGGGTAGTCAATAGTGTTATGCCCGCTTCCCCCCTTTGGGGG
AGGAACCTTCTCTTCCTCTATTTTTTAATTCTGTCTACCCT,AGGAACCTTCTCTTCCTCTATTTTTTAATTCTGTCTACCCT
CTATACGTATTCTAACTTGTTACGTATTGGTCTCTTATTG,CTATACGTATTCTAACTTGTTACGTATTGGTCTCTTATTG
GCCCGCATGCCGTCAAGCAATGTTAATCTTGTTTTGATTTCG,GCCCGCATGCCGTCAAGCAATGTTAATCTTGTTTTGATTTCG
GGCGCACUGGCGCUGCGCCUUCGGGCGCCAAUCGUAGCGUGUCGGCGCC,GGCGCACTGGCGCTGCGCCTTCGGGCGCCAATCGTAGCGTGTCGGCGCC
GGGAGAGGAUACUACACGUGGAAAAACCAACAAAUUGGGAAAAAUGUUAAGGGUCCACUUCAUGCCAUUGCAUGUAGCAGAAGCUUCCG,GGGAGAGGATACTACACGTGGAAAAACCAACAAATTGGGAAAAATGTTAAGGGTCCACTTCATGCCATTGCATGTAGCAGAAGCTTCCG
GCGCGAGAAACGGUCACUAGAAUAGUGGGCCGUCAUGCUAACGCCUCUUUCGGUGUUGGGGAAUAUUGGCCAAUCGAGU,GCGCGAGAAACGGTCACTAGAATAGTGGGCCGTCATGCTAACGCCTCTTTCGGTGTTGGGGAATATTGGCCAATCGAGT
CGTACGGAATTCGCTAGCCCCCCGGCAGGCCACGGCTTGGGTTGGTCCCACTGCGCGTGGATCCGAGCTCCACGTG,CGTACGGAATTCGCTAGCCCCCCGGCAGGCCACGGCTTGGGTTGGTCCCACTGCGCGTGGATCCGAGCTCCACGTG
GGCACGUGUAUUACCCUAGUGGUCGACGUGCC,GGCACGTGTATTACCCTAGTGGTCGACGTGCC
AUACCAGCUUAUUCAAUUGCCUGAAAACUGGUGUACCUCUUUGCCCUAUCUUAUCUGGAGAUAGUAAGUGCAAUCU,ATACCAGCTTATTCAATTGCCTGAAAACTGGTGTACCTCTTTGCCCTATCTTATCTGGAGATAGTAAGTGCAATCT
AAGCGCGCGAGACTACGTTTGTAGGGATACCGATGTCG,AAGCGCGCGAGACTACGTTTGTAGGGATACCGATGTCG
GGCGGGGCTACGAAGTAGTGATTTTTTCCGATGGCCCGTG,GGCGGGGCTACGAAGTAGTGATTTTTTCCGATGGCCCGTG
GCGGGCGATCGGCGGGGGGTGCGTGCGCTCTGTGCCAGGGGGTGGGACAGATCATATGGGGGTGCT,GCGGGCGATCGGCGGGGGGTGCGTGCGCTCTGTGCCAGGGGGTGGGACAGATCATATGGGGGTGCT
TGTAATTTGTCTGCAGCGGTTCTTGATCGCTGACACCATATTATGAAGA,TGTAATTTGTCTGCAGCGGTTCTTGATCGCTGACACCATATTATGAAGA
ATCCGTCACACCTGCTCTCAGGGGATCACATTCTTGACGGTGTGATACAGTGCCTGGTGTTGGCTCCCGTAT,ATCCGTCACACCTGCTCTCAGGGGATCACATTCTTGACGGTGTGATACAGTGCCTGGTGTTGGCTCCCGTAT
ATAGGACGATTATCGAAAATCACCAGATTGGACCCTGGTTAACGAT,ATAGGACGATTATCGAAAATCACCAGATTGGACCCTGGTTAACGAT
TAGGGAAAACCAACCGCCCAGAACTGCAGCATAAC,TAGGGAAAACCAACCGCCCAGAACTGCAGCATAAC
ACTCAGCACGCGTGTAGGGAAAACCAACCGCCCACAAGCTGCATGCAACG,ACTCAGCACGCGTGTAGGGAAAACCAACCGCCCACAAGCTGCATGCAACG
ACTCATCTGTGAGACTCACTATAGGAAGAGATGTCAACTCGTGCACGAGTTGACATCTCTTCTCCGAGCCGGTCGAAATATTGGAGGAAGCTCGAGCTGGAGGAAAAGTGAGTCTCACAGATGAGT,ACTCATCTGTGAGACTCACTATAGGAAGAGATGTCAACTCGTGCACGAGTTGACATCTCTTCTCCGAGCCGGTCGAAATATTGGAGGAAGCTCGAGCTGGAGGAAAAGTGAGTCTCACAGATGAGT
ACCTTCGGGGAGTATTGCGGAGGAAGGT,ACCTTCGGGGAGTATTGCGGAGGAAGGT
GTATTGCGGAGGAAGGTTTTTAACCTTCGGGGA,GTATTGCGGAGGAAGGTTTTTAACCTTCGGGGA
GTATTGCGGAGGAAGGTTTTTAACCTTCGGGG,GTATTGCGGAGGAAGGTTTTTAACCTTCGGGG
GGGAGAUCUACGGAUCUCAGGGCUCUUACGGGAGCUACAUGGAAGGAGUCCAUGUGU,GGGAGATCTACGGATCTCAGGGCTCTTACGGGAGCTACATGGAAGGAGTCCATGTGT
GGGUUGGGAAGAAACUGUGGCACUUCGGUGCCAGCAACCC,GGGTTGGGAAGAAACTGTGGCACTTCGGTGCCAGCAACCC
GGGCGACCCUGAUGAGCACACGAGGGGGAAACCCCGGACAAUCAGACACGGUGUUCGAAACGGUGAAAGCCGUAGGUUGCCCUUU,GGGCGACCCTGATGAGCACACGAGGGGGAAACCCCGGACAATCAGACACGGTGTTCGAAACGGTGAAAGCCGTAGGTTGCCCTTT
ATCCGTCACACCTGCTCTGACGCTGGGGTCGACCCGGAGAAATGCATTCCCCTGTGGTGTTGGCTCCCGTAT,ATCCGTCACACCTGCTCTGACGCTGGGGTCGACCCGGAGAAATGCATTCCCCTGTGGTGTTGGCTCCCGTAT
ATCCGTCACACCTGCTCTGGCATTAGTATTCCATAGCCGGCCAAGTCTATGTAGTGGTGTTGGCTCCCGTAT,ATCCGTCACACCTGCTCTGGCATTAGTATTCCATAGCCGGCCAAGTCTATGTAGTGGTGTTGGCTCCCGTAT
ATCCGTCACACCTGCTCTCAATCTGAAATATTGCAAGCAGTGCTCACAATTTGTTGGTGTTGGCTCCCGTAT,ATCCGTCACACCTGCTCTCAATCTGAAATATTGCAAGCAGTGCTCACAATTTGTTGGTGTTGGCTCCCGTAT
ATACGGGAGCCAACACCAAGTAACACACGCGGACCAGAAATACATCCCCCCGTAGAGCAGGTGTGACGGAT,ATACGGGAGCCAACACCAAGTAACACACGCGGACCAGAAATACATCCCCCCGTAGAGCAGGTGTGACGGAT
ATACGGGAGCCAACACCAACAACCTAGATGTTCTGATAACACGAATCGCTTCGAAGAGCAGGTGTGACGGAT,ATACGGGAGCCAACACCAACAACCTAGATGTTCTGATAACACGAATCGCTTCGAAGAGCAGGTGTGACGGAT
ATACGGGAGCCAACACCACTTGGTTAACCAATCAAACCGGACAACGAAGGGTCCAGAGCAGGTGTGACGGAT,ATACGGGAGCCAACACCACTTGGTTAACCAATCAAACCGGACAACGAAGGGTCCAGAGCAGGTGTGACGGAT
ATCCGTCACACCTGCTCTACACTCCGCACGATCTTTTTTAGAACGCGTACCCGTTGGTGTTGGCTCCCGTAT,ATCCGTCACACCTGCTCTACACTCCGCACGATCTTTTTTAGAACGCGTACCCGTTGGTGTTGGCTCCCGTAT
ATCCGTCACACCTGCTCTGTGTACGCCCGTATTTACGTTCCTAGCAATTGCTATGTGGTGTTGGCTCCCGTAT,ATCCGTCACACCTGCTCTGTGTACGCCCGTATTTACGTTCCTAGCAATTGCTATGTGGTGTTGGCTCCCGTAT
ATACGGGAGCCAACACCACATCGACTTACGAATCAACGCGTTTATTATTGGTTCAGAGCAGGTGTGACGGAT,ATACGGGAGCCAACACCACATCGACTTACGAATCAACGCGTTTATTATTGGTTCAGAGCAGGTGTGACGGAT
ATCCGTCACACCTGCTCTAACTTACACATAATTCTAGGTTACATCTTGCTCATATGGTGTTGGCTCCCGTAT,ATCCGTCACACCTGCTCTAACTTACACATAATTCTAGGTTACATCTTGCTCATATGGTGTTGGCTCCCGTAT
ATACGGGAGCCAACACCAAAGTAAGATCATCACCCGGACGCGGACATAATAGGAGAGCAGGTGTGACGGAT,ATACGGGAGCCAACACCAAAGTAAGATCATCACCCGGACGCGGACATAATAGGAGAGCAGGTGTGACGGAT
ATCCGTCACACCTGCTCTTGTAGGGTTCCCACCCAATTCAGTTCCGTTAAACCATGGTGTTGGCTCCCGTAT,ATCCGTCACACCTGCTCTTGTAGGGTTCCCACCCAATTCAGTTCCGTTAAACCATGGTGTTGGCTCCCGTAT
ATCCGTCACACCTGCTCTTGGGGTTATTACTCGTGAGATTGGGAATAGGTTACATGGTGTTGGCTCCCGTAT,ATCCGTCACACCTGCTCTTGGGGTTATTACTCGTGAGATTGGGAATAGGTTACATGGTGTTGGCTCCCGTAT
ATCCGTCACACCTGCTCTCGAATAGAGTACTCGATACTGACTTTATTTACCGTCTGGTGTTGGCTCCCGTAT,ATCCGTCACACCTGCTCTCGAATAGAGTACTCGATACTGACTTTATTTACCGTCTGGTGTTGGCTCCCGTAT
ATCCGTCACACCTGCTCTCCTCGAACTAGTTAGACCCTCCTCCAAGTCAACTTGTGGTGTTGGCTCCCGTAT,ATCCGTCACACCTGCTCTCCTCGAACTAGTTAGACCCTCCTCCAAGTCAACTTGTGGTGTTGGCTCCCGTAT
GTGTTGTCTCTCTGTGTCTC,GTGTTGTCTCTCTGTGTCTC
CGTGTTGTCTCTCTGTGTCTCG,CGTGTTGTCTCTCTGTGTCTCG
ACGTGTTGTCTCTCTGTGTCTCGT,ACGTGTTGTCTCTCTGTGTCTCGT
CACGTGTTGTCTCTCTGTGTCTCGTG,CACGTGTTGTCTCTCTGTGTCTCGTG
GCACGTGTTGTCTCTCTGTGTCTCGTGC,GCACGTGTTGTCTCTCTGTGTCTCGTGC
GGCACGTGTTGTCTCTCTGTGTCTCGTGCC,GGCACGTGTTGTCTCTCTGTGTCTCGTGCC
GCGGGCGGTTGTATAGCGG,GCGGGCGGTTGTATAGCGG
TTAGTTGGGGTTCAGTTGG,TTAGTTGGGGTTCAGTTGG
CACGGCATGGTGGGCGTCGTG,CACGGCATGGTGGGCGTCGTG
GGGAGAAGGCGGCGCGUAGGCGAGCUUUAGGCCCGACAUUCCCCUAAAAAAGCUUGUUCUAUUCGUGGACGAUGCGCAC,GGGAGAAGGCGGCGCGTAGGCGAGCTTTAGGCCCGACATTCCCCTAAAAAAGCTTGTTCTATTCGTGGACGATGCGCAC
GGGAGAAGGCGGCGCGUAGGCGAGCUUUACCAGUUUUAUUUGUUUUAUUGUUAUAUGCUUAUUCGUGGACGAUGCGCAC,GGGAGAAGGCGGCGCGTAGGCGAGCTTTACCAGTTTTATTTGTTTTATTGTTATATGCTTATTCGTGGACGATGCGCAC
GGAGCUCAGCCUUCACUGCAUGAUAAACCGAUGCUGGGCGAUUCUCCUGAAGUAGGGGAAGAGUUGUCAUGUAUGGGGGCACCACGGUCGGAUCCUG,GGAGCTCAGCCTTCACTGCATGATAAACCGATGCTGGGCGATTCTCCTGAAGTAGGGGAAGAGTTGTCATGTATGGGGGCACCACGGTCGGATCCTG
GGTAATACGACTCACTATAGGGAGATACCAGCTTATTCAATTTTACAGAACAACCAACGTCGCTCCGGGTACTTCTTCATCGAGATAGTAAGTGCAATCT,GGTAATACGACTCACTATAGGGAGATACCAGCTTATTCAATTTTACAGAACAACCAACGTCGCTCCGGGTACTTCTTCATCGAGATAGTAAGTGCAATCT
GGAUGUCCAGUCGCUUGCAAUGCCCUUUUAGACCCUGAUGAGCGGUGCUAGUUAGUUGCAGUUUCGGUUGUUACGCGAAACGGUGAAAGCCGUAGGUCU,GGATGTCCAGTCGCTTGCAATGCCCTTTTAGACCCTGATGAGCGGTGCTAGTTAGTTGCAGTTTCGGTTGTTACGCGAAACGGTGAAAGCCGTAGGTCT
CACCTGGGGGAGTATTGCGGAGGAAGGTTCCAGGTG,CACCTGGGGGAGTATTGCGGAGGAAGGTTCCAGGTG
TGTACCGTCTGAGCGATTCGTACGAACGGCTTTGTACTGTTTGCACTGGCGGATTTAGCCAGTCAGTGTTAAGGAGTGC,TGTACCGTCTGAGCGATTCGTACGAACGGCTTTGTACTGTTTGCACTGGCGGATTTAGCCAGTCAGTGTTAAGGAGTGC
TGTACCGTCTGAGCGATTCGTACCATTAGTGGGTGCTCCTTACCTGATGGTCATCTAGCCAGTCAGTGTTAAGGAGTGC,TGTACCGTCTGAGCGATTCGTACCATTAGTGGGTGCTCCTTACCTGATGGTCATCTAGCCAGTCAGTGTTAAGGAGTGC
TGTACCGTCTGAGCGATTCGTACGGATTGGGTTTGCACTTTACCTGCGGTGCATCGCAGCCAGTCAGTGTTAAGGAGTGC,TGTACCGTCTGAGCGATTCGTACGGATTGGGTTTGCACTTTACCTGCGGTGCATCGCAGCCAGTCAGTGTTAAGGAGTGC
GGCTCTCGGGACGACATGGATTTTCCATCAACGAAGTGCGTCCGTCCC,GGCTCTCGGGACGACATGGATTTTCCATCAACGAAGTGCGTCCGTCCC
GGAACACUAUCCGAUGGCACCGACCAUAGGCUCGGGUUGCCAGAGGUUCCACACUUUCAUCGAAAAGCCUAUGCUAGGCAAUGACAUGGACUCCUUGGUCAUUAGGAUCG,GGAACACTATCCGATGGCACCGACCATAGGCTCGGGTTGCCAGAGGTTCCACACTTTCATCGAAAAGCCTATGCTAGGCAATGACATGGACTCCTTGGTCATTAGGATCG
CCGGTGGGTGGTCAGGTGGGATAGCGTTCCGCGTATGGCCCAGCGCATCACGGGTTCGCACCA,CCGGTGGGTGGTCAGGTGGGATAGCGTTCCGCGTATGGCCCAGCGCATCACGGGTTCGCACCA
GGAUGUCCAGUCGCUUGCAAUGCCCUUUUAGACCCUGAUGAGGAUCAUCGGACUUUGUCCUGUGGAGUAAGAUCGCGAAACGGUGAAAGCCGUAGGUCU,GGATGTCCAGTCGCTTGCAATGCCCTTTTAGACCCTGATGAGGATCATCGGACTTTGTCCTGTGGAGTAAGATCGCGAAACGGTGAAAGCCGTAGGTCT
GGAAGAGAUGGCGACUAAAACGACUUGUCGC,GGAAGAGATGGCGACTAAAACGACTTGTCGC
GGAUAAUAGCCGUAGGUUGCGAAAGCGACCCUGAUGAGCCUGUGGAAACAGACGUGGCACAUGACUACGUCGAAACGGUAGCGAGAGCUC,GGATAATAGCCGTAGGTTGCGAAAGCGACCCTGATGAGCCTGTGGAAACAGACGTGGCACATGACTACGTCGAAACGGTAGCGAGAGCTC
GGAUAAUAGCCGUAGGUUGCGAAAGCGACCCUGAUGAGCCUUUAGGGCCAAGUGUGGUGAAAGACACACUCGAAACGGUAGCGAGAGCUC,GGATAATAGCCGTAGGTTGCGAAAGCGACCCTGATGAGCCTTTAGGGCCAAGTGTGGTGAAAGACACACTCGAAACGGTAGCGAGAGCTC
GGAUAAUAGCCGUAGGUUGCGAAAGCGACCCUGAUGAGAAAGCCAAAGCCGUAGCGCAGAUGAUCUCGCCAUCAGUACCGAAACGGUAGCGAGAGCUC,GGATAATAGCCGTAGGTTGCGAAAGCGACCCTGATGAGAAAGCCAAAGCCGTAGCGCAGATGATCTCGCCATCAGTACCGAAACGGTAGCGAGAGCTC
GGGGACTGTTGTGGTATTATTTTTGGTTGTGCAGT,GGGGACTGTTGTGGTATTATTTTTGGTTGTGCAGT
GCGGGGTTGGGCGGGTGGGTTCGCTGGGCAGGGGGCGAGTG,GCGGGGTTGGGCGGGTGGGTTCGCTGGGCAGGGGGCGAGTG
GGAUAAUAGCCGUAGGUUGCGAAAGCGACCCUGAUGAGCCCUGCGAUGCAGAAAGGUGCUGACGACACAUCGAAACGGUAGCGAGAGCUC,GGATAATAGCCGTAGGTTGCGAAAGCGACCCTGATGAGCCCTGCGATGCAGAAAGGTGCTGACGACACATCGAAACGGTAGCGAGAGCTC
CCTAAGGGGGGACTCAGCATTTTGTGCGGGCGGCGCTAACACAATCAGATAGAGCGGGGTT,CCTAAGGGGGGACTCAGCATTTTGTGCGGGCGGCGCTAACACAATCAGATAGAGCGGGGTT
CCCAGCAGCACTGGTAGTGAGGCAGTTCACCGGTGGGGCGGTGAGTTTGGCTGCTATTTAT,CCCAGCAGCACTGGTAGTGAGGCAGTTCACCGGTGGGGCGGTGAGTTTGGCTGCTATTTAT
TGCGCATGTGAAAGGTTGCCTAACTGGACAGGGTTTAGGAGCGACTAGACACAG,TGCGCATGTGAAAGGTTGCCTAACTGGACAGGGTTTAGGAGCGACTAGACACAG
GGCAAGATGTGCCCAGAACAGTTGCTTGTATGGTGGGGAGCGTCCATATTGGCTTAAAC,GGCAAGATGTGCCCAGAACAGTTGCTTGTATGGTGGGGAGCGTCCATATTGGCTTAAAC
ACCTGCGATAGGTAGTTTGTTTCTGTTGCCCTAGCGTCCGTCGTAACAAGTCA,ACCTGCGATAGGTAGTTTGTTTCTGTTGCCCTAGCGTCCGTCGTAACAAGTCA
CCGTAACCCTGCGGGGGGGGGAGAAGGCAATGGGGGACAACTCGCCGGTAGCCATCCATAT,CCGTAACCCTGCGGGGGGGGGAGAAGGCAATGGGGGACAACTCGCCGGTAGCCATCCATAT
CGTACAGTGGGCTATATTGCTGACGTAAGAGCTGCTTTCAATGCATTGGCATAGATGTCA,CGTACAGTGGGCTATATTGCTGACGTAAGAGCTGCTTTCAATGCATTGGCATAGATGTCA
AUGAAAAGGGCUGGCGAGACAUAUCCGCUGGGCAAUCAGAUUCGGAGCCGCACCACCCUCGAAGUAGACA,ATGAAAAGGGCTGGCGAGACATATCCGCTGGGCAATCAGATTCGGAGCCGCACCACCCTCGAAGTAGACA
AGAGCUUGACGGUCCCGAGAGUCGAGCCCAAGCUGACACUGGACCUUUGCGGACCACGUGUUGAUCGUCG,AGAGCTTGACGGTCCCGAGAGTCGAGCCCAAGCTGACACTGGACCTTTGCGGACCACGTGTTGATCGTCG
GGCACCAAAGCUGAAGUAGCGGGAUAACUCAAAUUACUUUAGGUGUAUGAAGGUGAAACUAGCAAUGAA,GGCACCAAAGCTGAAGTAGCGGGATAACTCAAATTACTTTAGGTGTATGAAGGTGAAACTAGCAATGAA
ACTTCAGTGAGTTGTCCCACGGTCGGCGAGTCGGTGGTAG,ACTTCAGTGAGTTGTCCCACGGTCGGCGAGTCGGTGGTAG
CACCAAGCGCAGGGAATTACATTGAAGTGTGGGATTGGCT,CACCAAGCGCAGGGAATTACATTGAAGTGTGGGATTGGCT
ACTGAGGGCACGGACAGGAGGGGGAGAGATGGCGTGAGGT,ACTGAGGGCACGGACAGGAGGGGGAGAGATGGCGTGAGGT
ATGCGGGTATATGGTGCGAGAAAACAAGGGGCATACTGGA,ATGCGGGTATATGGTGCGAGAAAACAAGGGGCATACTGGA
GTACCAGCTTATTCAATTCGCGGAAGACGAATTCCAAGCGCGCGCGGGTCACGCGACTTGGGAATGAGCAAGGGTTGGCCCGAGATAGTATGTTCATCAG,GTACCAGCTTATTCAATTCGCGGAAGACGAATTCCAAGCGCGCGCGGGTCACGCGACTTGGGAATGAGCAAGGGTTGGCCCGAGATAGTATGTTCATCAG
GTACCAGCTTATTCAATTGGGCGAAGGAACATACGGCAGTTTATGGCCGCTATCGAGATAGACTATCATCTCAACGTCTTCTAGATAGTATGTTCATCAG,GTACCAGCTTATTCAATTGGGCGAAGGAACATACGGCAGTTTATGGCCGCTATCGAGATAGACTATCATCTCAACGTCTTCTAGATAGTATGTTCATCAG
GTACCAGCTTATTCAATTGCGAGCAGGGTCAATGGAATTAATGATCAATTGACAGACGCAAGTCTCCTGCGGTCCTGTGTTGAGATAGTATGTTCATCAG,GTACCAGCTTATTCAATTGCGAGCAGGGTCAATGGAATTAATGATCAATTGACAGACGCAAGTCTCCTGCGGTCCTGTGTTGAGATAGTATGTTCATCAG
GTACCAGCTTATTCAATTACACGGACAGAGGGTAGCGGCTCTGCGCATTGAGTTGCTGCGGGCTGAAGCGCGGTACATGGGAGATAGTATGTTCATCAG,GTACCAGCTTATTCAATTACACGGACAGAGGGTAGCGGCTCTGCGCATTGAGTTGCTGCGGGCTGAAGCGCGGTACATGGGAGATAGTATGTTCATCAG
GATCGAGGGCAGCGATAGCTGGGCTAATAAGGTTAGCCCCATCGGTC,GATCGAGGGCAGCGATAGCTGGGCTAATAAGGTTAGCCCCATCGGTC
GGGAGACAAGGAAAATCCTTCAATGAAGTGGGTCGACA,GGGAGACAAGGAAAATCCTTCAATGAAGTGGGTCGACA
GGAATGGATCCACATCCATGGATGGGCAATGCGGGGTGGAGAATGGTTGCCGCACTTCGGCTTCACTGCAGACTTGACGAAGCTT,GGAATGGATCCACATCCATGGATGGGCAATGCGGGGTGGAGAATGGTTGCCGCACTTCGGCTTCACTGCAGACTTGACGAAGCTT
CCGGUGCGCAUAACCACCUCAGUGCGAGCAAGGAA,CCGGTGCGCATAACCACCTCAGTGCGAGCAAGGAA
GGGAATTCGAGCTCGGTACCATCTGTGTAAGGGGTAAGGGGTGGGGGTGGGTACGTCTAGCTGCAGGCATGCAAGCTTGG,GGGAATTCGAGCTCGGTACCATCTGTGTAAGGGGTAAGGGGTGGGGGTGGGTACGTCTAGCTGCAGGCATGCAAGCTTGG
ACCATCTGTGTAAGGGGTAAGGGGTGGGGGTGGGTACGTCT,ACCATCTGTGTAAGGGGTAAGGGGTGGGGGTGGGTACGTCT
CTCTCGGGACGACGGCTGGCACGTTTGGTTCAAGAATGTGGGTGTCGTCCC,CTCTCGGGACGACGGCTGGCACGTTTGGTTCAAGAATGTGGGTGTCGTCCC
CTCTCGGGACGACCACTACGCATAGTTTCTATCGCCAGGAAGGGTCGTCCC,CTCTCGGGACGACCACTACGCATAGTTTCTATCGCCAGGAAGGGTCGTCCC
CTCTCGGGACGACAGCCGAGTTGATTCAACAGCCGAGTCGTCCC,CTCTCGGGACGACAGCCGAGTTGATTCAACAGCCGAGTCGTCCC
GGGCUAUUGCUGGAGGGGCGCCACAUGAAAGUGGUGGUUGGGUGCGGUCGGCGAUAGCUC,GGGCTATTGCTGGAGGGGCGCCACATGAAAGTGGTGGTTGGGTGCGGTCGGCGATAGCTC
GGGAAUUCCGCGUGUGCGCCGCGGAAGACGUUGGAAGGAUAGAUACCUACAACGGGGAAUAUAGAGGCCAGCACAUAGUGAGGCCCUCCUCCC,GGGAATTCCGCGTGTGCGCCGCGGAAGACGTTGGAAGGATAGATACCTACAACGGGGAATATAGAGGCCAGCACATAGTGAGGCCCTCCTCCC
GUCUCUGUGUGCGCCAGAGAACACUGGGGCAGAUAUGGGCCAGCACAGAAUGAGGCCC,GTCTCTGTGTGCGCCAGAGAACACTGGGGCAGATATGGGCCAGCACAGAATGAGGCCC
GTCTCTGTGTGCGCCAGAGAACACTGGGGCAGATATGGGCCAGCACAGAATGAGGCCC,GTCTCTGTGTGCGCCAGAGAACACTGGGGCAGATATGGGCCAGCACAGAATGAGGCCC
GGGAAUUCCGCGUGUGCGCCGCGGAAGAGGGAAUAUAGAGGCCAGCACAUAGUGAGGCCCUCCUCCC,GGGAATTCCGCGTGTGCGCCGCGGAAGAGGGAATATAGAGGCCAGCACATAGTGAGGCCCTCCTCCC
GGGCGAGAACAGTGTCCCAGTCGCTAGTTTTCTCTGCCC,GGGCGAGAACAGTGTCCCAGTCGCTAGTTTTCTCTGCCC
CUUGUCUGAACAAUUUCGUCUGCCUUUGCGUUCCGACGGC,CTTGTCTGAACAATTTCGTCTGCCTTTGCGTTCCGACGGC
TCCTGACCTTAGCCTATGTTTTCTCTACCGGCTATGTTAC,TCCTGACCTTAGCCTATGTTTTCTCTACCGGCTATGTTAC
CUUCUUAAUCCUAAAGUCCCUGGUGUUUCUCUGCGUGGGG,CTTCTTAATCCTAAAGTCCCTGGTGTTTCTCTGCGTGGGG
CGGUUGGAUGGGUGUUGGUGGUUUGUUGAGUCCAGGCGGC,CGGTTGGATGGGTGTTGGTGGTTTGTTGAGTCCAGGCGGC
TGAGGCGGGTGGGTGGGTTGAATATGCTGATTACCCCATCGGAGAACGTTAAGGCGCTTC,TGAGGCGGGTGGGTGGGTTGAATATGCTGATTACCCCATCGGAGAACGTTAAGGCGCTTC
TGAGGCGGGTGGGTGGGTTGAATACGCTGATCACCCCATCGGAGAACGTTAAGGCGCTTT,TGAGGCGGGTGGGTGGGTTGAATACGCTGATCACCCCATCGGAGAACGTTAAGGCGCTTT
GCTGCGAGGTGGGTGGGTGGGAGCAATTGGTCCTCGCTTAGCTTCTACGGTGGGCTATCT,GCTGCGAGGTGGGTGGGTGGGAGCAATTGGTCCTCGCTTAGCTTCTACGGTGGGCTATCT
GCTGTGAGGTGGGTGGGTGGGAGCAATTGGTCCTCGCTTAGCTTCTACGGTGGGCTATCT,GCTGTGAGGTGGGTGGGTGGGAGCAATTGGTCCTCGCTTAGCTTCTACGGTGGGCTATCT
GCTGCGAGGTGGGTGGGTGGGAGCAATTGGTCCTTGCTTAGCTTCTACGGTGGGCTATCT,GCTGCGAGGTGGGTGGGTGGGAGCAATTGGTCCTTGCTTAGCTTCTACGGTGGGCTATCT
GGGCGACCCUGAUGAGCCUUAGGAUAUGCUUCGGCAGAAGGACGUCGAAACGGUGAAAGCCGUAGGUUGCCC,GGGCGACCCTGATGAGCCTTAGGATATGCTTCGGCAGAAGGACGTCGAAACGGTGAAAGCCGTAGGTTGCCC
GGAUAAUAGCCGUAGGUUGCGAAAGCGACCCUGAUGAGCCUUAGGAUAUGCAUGAUGCAGAAGGACGUCGAAACGGUAGCGAGAGCUC,GGATAATAGCCGTAGGTTGCGAAAGCGACCCTGATGAGCCTTAGGATATGCATGATGCAGAAGGACGTCGAAACGGTAGCGAGAGCTC
AATCGCATTACCTTATACCAGCTTATTCAATTACGTCTGCACATACCAGCTTATTCAATT,AATCGCATTACCTTATACCAGCTTATTCAATTACGTCTGCACATACCAGCTTATTCAATT
ACGAAGAAACAGGGCGCTTCGAACGAACATGGGCAGGGTGGGAAGTTTTAAAGTGGTAC,ACGAAGAAACAGGGCGCTTCGAACGAACATGGGCAGGGTGGGAAGTTTTAAAGTGGTAC
GGTGCGGGTAGGGATGAGGGCGGGTCGGGTTGAGTGTGAGCTTAGGGGTGGCGGATCTAC,GGTGCGGGTAGGGATGAGGGCGGGTCGGGTTGAGTGTGAGCTTAGGGGTGGCGGATCTAC
CAATGGGGTCGGGCGGGCCGGGTGTCATGGTGGACGGAGATGGGACGTAGAGGGCGGT,CAATGGGGTCGGGCGGGCCGGGTGTCATGGTGGACGGAGATGGGACGTAGAGGGCGGT
GCGGCAAATCAGCATACGAGTGTACAGGGACGGGACGGGTGGGTAAAAGGTGTCGCCTCAG,GCGGCAAATCAGCATACGAGTGTACAGGGACGGGACGGGTGGGTAAAAGGTGTCGCCTCAG
CCAACTTGGGCGGAGGGCTAACGGTGGGGGGATATTATGAGGGGTGGAGGTATTAACCATT,CCAACTTGGGCGGAGGGCTAACGGTGGGGGGATATTATGAGGGGTGGAGGTATTAACCATT
TTCTTTCTTCCCCTTGTTTGTT,TTCTTTCTTCCCCTTGTTTGTT
AAGCTTGCTTTATAGCCTGCAGCGATTCTTGATCGGAAAAGGCTGAGAGCTACGC,AAGCTTGCTTTATAGCCTGCAGCGATTCTTGATCGGAAAAGGCTGAGAGCTACGC
AAGCTTTTTTGACTGACTGCAGCGATTCTTGATCGCCACGGTCTGGAAAAAGAG,AAGCTTTTTTGACTGACTGCAGCGATTCTTGATCGCCACGGTCTGGAAAAAGAG
GGGAAUGGAUCCACAUCUACGAAUUCACCGCGGGGUUGCGGACCGGGAGCUCCAGCUUCACUGCAGACUUGACGAAGCUU,GGGAATGGATCCACATCTACGAATTCACCGCGGGGTTGCGGACCGGGAGCTCCAGCTTCACTGCAGACTTGACGAAGCTT
GGGAAUGGAUCCACAUCUACGAAUUCGAAUUGCCGUAAUUUCCCGUGGAGCGAUGCUUCACUGCAGACUUGACGAAGCUU,GGGAATGGATCCACATCTACGAATTCGAATTGCCGTAATTTCCCGTGGAGCGATGCTTCACTGCAGACTTGACGAAGCTT
ATACCAGCTTATTCAATTCAGGGCGGTATGAGGCTCGATCAAGGTCGGAGCGAGAATTTTTTCGCGGAGTCGGCTGGATCAGATAGTAAGTGCAATCT,ATACCAGCTTATTCAATTCAGGGCGGTATGAGGCTCGATCAAGGTCGGAGCGAGAATTTTTTCGCGGAGTCGGCTGGATCAGATAGTAAGTGCAATCT
ATACCAGCTTATTCAATTGGTGGTAGGATGGGCTCGATCGAGGTCTTCAGTCGGCTCGGTTTAGTTTATGTTCTCCTGTAGATAGTAAGTGCAATCT,ATACCAGCTTATTCAATTGGTGGTAGGATGGGCTCGATCGAGGTCTTCAGTCGGCTCGGTTTAGTTTATGTTCTCCTGTAGATAGTAAGTGCAATCT
ATACCAGCTTATTCAATTATGCGGGGATGAGGCTTGATCTGTGGCTCTGATCCATGATCAGTCGTCTTACGTGCGGTCCAGATAGTAAGTGCAATCT,ATACCAGCTTATTCAATTATGCGGGGATGAGGCTTGATCTGTGGCTCTGATCCATGATCAGTCGTCTTACGTGCGGTCCAGATAGTAAGTGCAATCT
ATACCAGCTTATTCAATTAGCCCGGTATTGAGGTCGATCTCTTATCCTATGGCTTGTCCCCCATGGCTCGGTTATATCCAGATAGTAAGTGCAATCT,ATACCAGCTTATTCAATTAGCCCGGTATTGAGGTCGATCTCTTATCCTATGGCTTGTCCCCCATGGCTCGGTTATATCCAGATAGTAAGTGCAATCT
TGGGGGTTGAGGCTAAGCCGA,TGGGGGTTGAGGCTAAGCCGA
GACCAGGGCAAACGGTAGGGAGTGGTC,GACCAGGGCAAACGGTAGGGAGTGGTC
GGGATCGAAACGTAGCGCCTTCGATCCC,GGGATCGAAACGTAGCGCCTTCGATCCC
GGCAUCGGAAAGUGGGUUGAUGUAAGUAACAGGCGAUGCC,GGCATCGGAAAGTGGGTTGATGTAAGTAACAGGCGATGCC
GGUCUUACGUCGUUCGCGACUAUUGGGAGACC,GGTCTTACGTCGTTCGCGACTATTGGGAGACC
TAGCCGGATCGCGCTGGCCAGATGATATAAAGGGTCAACCCCCCA,TAGCCGGATCGCGCTGGCCAGATGATATAAAGGGTCAACCCCCCA
TAGCCGGATCGCGCTGGCCAGATGATATAAAGGGTCAGCCCCCCA,TAGCCGGATCGCGCTGGCCAGATGATATAAAGGGTCAGCCCCCCA
TAGCCGGATCGCGTTGGCCAGATGATATAAAGGGTCAACCCCCCA,TAGCCGGATCGCGTTGGCCAGATGATATAAAGGGTCAACCCCCCA
TAGCCGGATCGCGCTGGCCAGATGATATAAAGGGTCAACCCCCCG,TAGCCGGATCGCGCTGGCCAGATGATATAAAGGGTCAACCCCCCG
CTAAGCACAGGGAAACCAGCTAATGAGTTAGGCCTGTCCCCCACG,CTAAGCACAGGGAAACCAGCTAATGAGTTAGGCCTGTCCCCCACG
CAATGGACCTATTCGAGTACTGAATAGAACAGTCGGCGCTCTGGG,CAATGGACCTATTCGAGTACTGAATAGAACAGTCGGCGCTCTGGG
TTCAAGACGATGCCTGGCGCGAGTTACACACTTGCATGGAGCTGG,TTCAAGACGATGCCTGGCGCGAGTTACACACTTGCATGGAGCTGG
ATCCAATACCTCAGAACTCAGTTCGAGTCGTAAAGGGGAATCGCA,ATCCAATACCTCAGAACTCAGTTCGAGTCGTAAAGGGGAATCGCA
ACCGATCCATCGAGTTTCTGAGAAAGGCCCGGAGAAACCGCGAGA,ACCGATCCATCGAGTTTCTGAGAAAGGCCCGGAGAAACCGCGAGA
TCAATCTAACCATGCATGCAGTTTAGGCAGGATTCGTTATCGCAA,TCAATCTAACCATGCATGCAGTTTAGGCAGGATTCGTTATCGCAA
CUGGACGACGGGGACGCCACUGGACUAGGUAAGCCAGGACCGUACGUCGGGAGCCGUCAGAAUA,CTGGACGACGGGGACGCCACTGGACTAGGTAAGCCAGGACCGTACGTCGGGAGCCGTCAGAATA
TGGAGCTTGGATTGATGTGGTGTGTGAGTGCGGTGCCC,TGGAGCTTGGATTGATGTGGTGTGTGAGTGCGGTGCCC
GGAUCCCGACUGGCGAGAGCCAGGUAACGAAUGGAUCC,GGATCCCGACTGGCGAGAGCCAGGTAACGAATGGATCC
GCACACCGATGGCGGTCCTGTTTAGGGGGTGTGC,GCACACCGATGGCGGTCCTGTTTAGGGGGTGTGC
GCACACCGATGGCGGTCCTGTTTAGGGGGTGTGCGTG,GCACACCGATGGCGGTCCTGTTTAGGGGGTGTGCGTG
GCACACCGATGGCGGTCCTGTTTAGGGGGTGTGCGTGGGGAGGTGCGGTTGC,GCACACCGATGGCGGTCCTGTTTAGGGGGTGTGCGTGGGGAGGTGCGGTTGC
CCTGCACCTCGTCCAGCATGCACACCGATGGCGGTCCTGTTTAGGGGGTGTGCGTG,CCTGCACCTCGTCCAGCATGCACACCGATGGCGGTCCTGTTTAGGGGGTGTGCGTG
CCTGCACCTCGTCCAGCATGCACACCGATGGCGGTCCTGGCAGGGGGTGTGCGTG,CCTGCACCTCGTCCAGCATGCACACCGATGGCGGTCCTGGCAGGGGGTGTGCGTG
CCTGCACCTCGTCCAGCATCCGATGGCGGTCCTGTTTTACGGTAGCTTATATGCAGGGGGGTG,CCTGCACCTCGTCCAGCATCCGATGGCGGTCCTGTTTTACGGTAGCTTATATGCAGGGGGGTG
GCACACCGATGGCGGTCCTGTTTTACGGTAGCTTATATGCAGGGGGTGTGCGTG,GCACACCGATGGCGGTCCTGTTTTACGGTAGCTTATATGCAGGGGGTGTGCGTG
CCTGCACCTCGTCCAGCATGCACACCGATGGCGGTCCTGTTTTACGGTAGCTTATATGCAGGGGGTGTGCGTG,CCTGCACCTCGTCCAGCATGCACACCGATGGCGGTCCTGTTTTACGGTAGCTTATATGCAGGGGGTGTGCGTG
GCACACCGATGGCGGTCCTGTTTTACGGTAGCTTATATGCAGGGGGTGTGCGTGGGGAGGTGCGGTTGC,GCACACCGATGGCGGTCCTGTTTTACGGTAGCTTATATGCAGGGGGTGTGCGTGGGGAGGTGCGGTTGC
CCTGCACCTCGTCCAGCATGCACACCGATGGCGGTCCTGTTTTACGGTAGCTTATATGCAGGGGGTGTGCGTGGGGAGGTGCGGTTGC,CCTGCACCTCGTCCAGCATGCACACCGATGGCGGTCCTGTTTTACGGTAGCTTATATGCAGGGGGTGTGCGTGGGGAGGTGCGGTTGC
CUGCGAUCAGGGGUAAAUUUCCGCGCAGGCUCCACGCCGC,CTGCGATCAGGGGTAAATTTCCGCGCAGGCTCCACGCCGC
CAGAGGGAGUACUGAUCAACCCGAGCCUUCCGUCCCUGAG,CAGAGGGAGTACTGATCAACCCGAGCCTTCCGTCCCTGAG
UGGGAGGAGUGCUGCUCUCCAGGCACUCUUGUUGCUCGGA,TGGGAGGAGTGCTGCTCTCCAGGCACTCTTGTTGCTCGGA
GGACAACATAGGAAAAAGGCTCTGCTACCGGATCCCTGTTGTATGGGCATATCTGTTGAT,GGACAACATAGGAAAAAGGCTCTGCTACCGGATCCCTGTTGTATGGGCATATCTGTTGAT
GGCGCCAAACAGGACCACCATGACAATTACCCATACCACCTCATTATGCCCCATCTCCGC,GGCGCCAAACAGGACCACCATGACAATTACCCATACCACCTCATTATGCCCCATCTCCGC
CACGCACAGAAGACACCTACAGGGCCAGATCACAATCGGTTAGTGAACTCGTACGGCGCG,CACGCACAGAAGACACCTACAGGGCCAGATCACAATCGGTTAGTGAACTCGTACGGCGCG
CACGCAACAACACAACATGCCCAGCGCCTGGAACATATCCTATGAGTTAGTCCGCCCACA,CACGCAACAACACAACATGCCCAGCGCCTGGAACATATCCTATGAGTTAGTCCGCCCACA
CGCCAATCTCAAAGCCCGCCACCTGCCCCTCACTGCCCACCTGTGGAATCCATGTCGCTC,CGCCAATCTCAAAGCCCGCCACCTGCCCCTCACTGCCCACCTGTGGAATCCATGTCGCTC
TCGACCTCGCGCGAGGAGGGTGGAGGGTCGTAGAGCGCGTA,TCGACCTCGCGCGAGGAGGGTGGAGGGTCGTAGAGCGCGTA
GCGGCGGTACCAGGTCAAAGGTGGGTGAGGGGACGCCAAGAGTCCCCGCGGTTACATAGAG,GCGGCGGTACCAGGTCAAAGGTGGGTGAGGGGACGCCAAGAGTCCCCGCGGTTACATAGAG
GGAACCCAACUAGGCGUUUGAGGGGAUUCGGCCACGGUAACAACCCCUC,GGAACCCAACTAGGCGTTTGAGGGGATTCGGCCACGGTAACAACCCCTC
AACGTGGGAGGGCGGTGGTGTTGAA,AACGTGGGAGGGCGGTGGTGTTGAA
TTGCCTAACCGTGAAGGTAAAACGATTTAGTCAAACGTGGGAGGGCGGTGGTGTTGACTGATCGATTTTATTCCA,TTGCCTAACCGTGAAGGTAAAACGATTTAGTCAAACGTGGGAGGGCGGTGGTGTTGACTGATCGATTTTATTCCA
GCATCTGATCGGGTGTGGGTGGCGTAAAGG,GCATCTGATCGGGTGTGGGTGGCGTAAAGG
GGGGTGAAACGGGTCCCG,GGGGTGAAACGGGTCCCG
GCAGTCCTAGATCGGGTGTGGCTGGCTTGG,GCAGTCCTAGATCGGGTGTGGCTGGCTTGG
GCACGATGGGGAAAGGGTCCCCCTGGGTTG,GCACGATGGGGAAAGGGTCCCCCTGGGTTG
ACTGTCCGTCGGGTTTAGGGTGGCGTTCGG,ACTGTCCGTCGGGTTTAGGGTGGCGTTCGG
TCAGTCCCGATCAGGTGTGGGTGGCATTGG,TCAGTCCCGATCAGGTGTGGGTGGCATTGG
CCAAATGCGACGGGGCCTGTTTTAATGGGG,CCAAATGCGACGGGGCCTGTTTTAATGGGG
CGTACGGTGGGAACGGTTCCTCTTAGGGT,CGTACGGTGGGAACGGTTCCTCTTAGGGT
CAGGTGGCAGATCGGGTGTGGGTGGCCTGG,CAGGTGGCAGATCGGGTGTGGGTGGCCTGG
ACATGCGACTGAGGCTCGGTTTATTGAGGG,ACATGCGACTGAGGCTCGGTTTATTGAGGG
CCTGACGATCGGGTGTGGGTTGGCTTGAGG,CCTGACGATCGGGTGTGGGTTGGCTTGAGG
CCTTGTAGATCGGGTGTGGTTTGGCGTAGG,CCTTGTAGATCGGGTGTGGTTTGGCGTAGG
GCAGTACGATCGGGGGTGGGTGGATGTAGG,GCAGTACGATCGGGGGTGGGTGGATGTAGG
GGCGGACCAAGGGGACACCACAGATGAATGTACAGTACCATGTTACTGCGCCCGTAGGTG,GGCGGACCAAGGGGACACCACAGATGAATGTACAGTACCATGTTACTGCGCCCGTAGGTG
GGGGCAACAAACACGGAAGAAAATGAATCTACATACGTGGACATATATCCTGCCGCGTG,GGGGCAACAAACACGGAAGAAAATGAATCTACATACGTGGACATATATCCTGCCGCGTG
GGTCACCAACAACAGGGAGCGCTACGCGAAGGGTCAATGTGACGTCATGCGGATGTGTGG,GGTCACCAACAACAGGGAGCGCTACGCGAAGGGTCAATGTGACGTCATGCGGATGTGTGG
GGGACAGCGGAGGTCTCCCACCCACCGGCCCCTGCGGCACACCAACCTGTATGGATGCG,GGGACAGCGGAGGTCTCCCACCCACCGGCCCCTGCGGCACACCAACCTGTATGGATGCG
GCCATGACAACCAGAGGTACCCCCGCCCACCAGCCCCGAAGTCTGTCAGCCTAGTTGTTG,GCCATGACAACCAGAGGTACCCCCGCCCACCAGCCCCGAAGTCTGTCAGCCTAGTTGTTG
CCACACAACAGCCTACGTGGATACACCACATACATCCCATAACCCCGTGTCATGTGTCG,CCACACAACAGCCTACGTGGATACACCACATACATCCCATAACCCCGTGTCATGTGTCG
GGGCGAAUUCCCGAGGACCAAAUAGUACCACCCGGGAAAACAGCUAAUGCCGAAACGGAGAUUUUUUCUGCAGAAGCU,GGGCGAATTCCCGAGGACCAAATAGTACCACCCGGGAAAACAGCTAATGCCGAAACGGAGATTTTTTCTGCAGAAGCT
CGACGCGCGTTGGTGGTGGATGGTGTGTTACACGTGTTGT,CGACGCGCGTTGGTGGTGGATGGTGTGTTACACGTGTTGT
ACGTTGACGCTGGTGCCCGCTTGTGGTGCGAGTGTTGTGT,ACGTTGACGCTGGTGCCCGCTTGTGGTGCGAGTGTTGTGT
CGAGTTGAGCCGGGCGCGGTACGGGTACTGGTATGTGTGG,CGAGTTGAGCCGGGCGCGGTACGGGTACTGGTATGTGTGG
ACTCACTATGGAAGAGATGGCGACATCTCTTCTCCGAGCCGGTCGAAATAGTGAGT,ACTCACTATGGAAGAGATGGCGACATCTCTTCTCCGAGCCGGTCGAAATAGTGAGT
AUUGGAUCGGUAGUAUAGGUGAGACACUUCAUGCCUUUGUUGCAGGCUGGGGUGAAGGCGCUACAUGGCGUCUGAAA,ATTGGATCGGTAGTATAGGTGAGACACTTCATGCCTTTGTTGCAGGCTGGGGTGAAGGCGCTACATGGCGTCTGAAA
GAGUGCGCCCAUUGAUAAGAGCGUAGGUUCAACGGAGUCGUAGUCGUUCUCAAGUUGACGGUGCAUUAGAGUCCU,GAGTGCGCCCATTGATAAGAGCGTAGGTTCAACGGAGTCGTAGTCGTTCTCAAGTTGACGGTGCATTAGAGTCCT
CTCTCGGGACGACGGACGCTAATCTTACAAGGGCGTAGTGTATGTCGTCCC,CTCTCGGGACGACGGACGCTAATCTTACAAGGGCGTAGTGTATGTCGTCCC
AGCAGCACAGAGGTCAGATGCACTCGGACCCCATTCTCCTTCCATCCCTCATCCGTCCACCCTATGCGTGCTACCGTGAA,AGCAGCACAGAGGTCAGATGCACTCGGACCCCATTCTCCTTCCATCCCTCATCCGTCCACCCTATGCGTGCTACCGTGAA
ATCTAACTGCTGCGCCGCCGGGAAAATACTGTACGGTTAGA,ATCTAACTGCTGCGCCGCCGGGAAAATACTGTACGGTTAGA
GCAGGGGCGTTCGGGGGGTACCGCTGC,GCAGGGGCGTTCGGGGGGTACCGCTGC
GTACTGGCGTTCGGGGGGTACCGCTGC,GTACTGGCGTTCGGGGGGTACCGCTGC
TACCCGGCGTTCGGGGGGTACCGCTGC,TACCCGGCGTTCGGGGGGTACCGCTGC
GGGCGGAUGAGACGCUUGGCGUGUGCUGUGGAGAGUCAUCCG,GGGCGGATGAGACGCTTGGCGTGTGCTGTGGAGAGTCATCCG
CCGGCCAAGGGTGGGAGGGAGGGGGCCGG,CCGGCCAAGGGTGGGAGGGAGGGGGCCGG
GGCCUAAAACAUACCAGAUUUCGAUCUGGAGAGGUGAAGAAUUCGACCACCUAGGCCGGU,GGCCTAAAACATACCAGATTTCGATCTGGAGAGGTGAAGAATTCGACCACCTAGGCCGGT
CGTACGGAATTCGCTAGCGGGCGGGGGTGCTGGGGGAATGGAGTGCTGCGTGCTGCGGGGATCCGAGCTCCACGTG,CGTACGGAATTCGCTAGCGGGCGGGGGTGCTGGGGGAATGGAGTGCTGCGTGCTGCGGGGATCCGAGCTCCACGTG
AGUGAUACCAGCAUCGUCUUGAUGCCCUUGGCAGCACU,AGTGATACCAGCATCGTCTTGATGCCCTTGGCAGCACT
GGAUAAUAGCCGUAGGUUGCGAAAGCGACCCUGAUGAGUCUGGAUACCAUGCAUGAUGCACCUUGGCAGUCUUACGAAACGGUAGCGAGAGCUC,GGATAATAGCCGTAGGTTGCGAAAGCGACCCTGATGAGTCTGGATACCATGCATGATGCACCTTGGCAGTCTTACGAAACGGTAGCGAGAGCTC
GGCGAUACCAGCCGAAAGGCCCUUGGCAGCGUC,GGCGATACCAGCCGAAAGGCCCTTGGCAGCGTC
GGCGGUGCUCGCCGAAAGGCUCCUGGAUACGUC,GGCGGTGCTCGCCGAAAGGCTCCTGGATACGTC
GGCGGUGCUGGCCGAAAGGCGCUUGGAAACGUC,GGCGGTGCTGGCCGAAAGGCGCTTGGAAACGTC
GGCGGUUCCUGCCGAAAGGCUCGUGGCAACGUC,GGCGGTTCCTGCCGAAAGGCTCGTGGCAACGTC
GGCGCUGCACGCCGAAAGGCCCGUUGAAACGUC,GGCGCTGCACGCCGAAAGGCCCGTTGAAACGTC
GGCGCUUCAUGCCGAAAGGCCCGUUGUAACGUC,GGCGCTTCATGCCGAAAGGCCCGTTGTAACGTC
GGCGCAGCCCGCCGAAAGGCACGUGGAACCGUC,GGCGCAGCCCGCCGAAAGGCACGTGGAACCGTC
GGGUUGUGAGCUCCCGGCUCGCAUUGUGAGGUGGAGGGGGACGUGCUGCAGGUCGACGCAUGCGCCG,GGGTTGTGAGCTCCCGGCTCGCATTGTGAGGTGGAGGGGGACGTGCTGCAGGTCGACGCATGCGCCG
GGAAUGGAUCCACAUCUACGAAGGCUUUGAAGGUGAGACCGUGCAAAUGAGGAUGGUGUGGAUGAUUAGGGUUGUCGGUUUUCACUGCAGACUUGACGAAGCUU,GGAATGGATCCACATCTACGAAGGCTTTGAAGGTGAGACCGTGCAAATGAGGATGGTGTGGATGATTAGGGTTGTCGGTTTTCACTGCAGACTTGACGAAGCTT
GGGAGAAUUCCGACCAGAAGCUUAGUAUAGCGAGGUUUAGCUACACUCGUGCUGAUCGUUUGGUACGGGACCUGCGUGUAGCCCAUAUGUGCGUCUACAUGGAUCCUCA,GGGAGAATTCCGACCAGAAGCTTAGTATAGCGAGGTTTAGCTACACTCGTGCTGATCGTTTGGTACGGGACCTGCGTGTAGCCCATATGTGCGTCTACATGGATCCTCA
CTCTCGGGACGACCGCGGTAGTCTTAACCTAAAGCGGTGTCAGGTCGTCCC,CTCTCGGGACGACCGCGGTAGTCTTAACCTAAAGCGGTGTCAGGTCGTCCC
CTCTCGGGACGACGGCCCGATCTCAGAGTAGTCGTCCC,CTCTCGGGACGACGGCCCGATCTCAGAGTAGTCGTCCC
GGGAGCUCAGAAUAAACGCUCAAAUCCGUGGACAGGGCGUAAGCGCCUUCGACAUGAGACACGGAUCCUGCGACGAAUUCAGC,GGGAGCTCAGAATAAACGCTCAAATCCGTGGACAGGGCGTAAGCGCCTTCGACATGAGACACGGATCCTGCGACGAATTCAGC
GGGAGAGGAUACUACUGUCAUACGUUAGGCUGUAGGCGAGGUGAAAUGAGCGGUAAUAGCCUCAGCGUAGCAUAUGCAUGAAUUCGAAGCUUCGC,GGGAGAGGATACTACTGTCATACGTTAGGCTGTAGGCGAGGTGAAATGAGCGGTAATAGCCTCAGCGTAGCATATGCATGAATTCGAAGCTTCGC
GGAAGAACATGTGAGCAAAAGGCCAGCAAAAGGCCAGGAACCGTAAAAAGGCCGCGTTGCTGGCG,GGAAGAACATGTGAGCAAAAGGCCAGCAAAAGGCCAGGAACCGTAAAAAGGCCGCGTTGCTGGCG
TACCGGGTAATATGCACACATGCTGATAGCAAGCAATGCA,TACCGGGTAATATGCACACATGCTGATAGCAAGCAATGCA
